{"type":"FeatureCollection","features":[{"type":"Feature","geometry":{"type":"Point","coordinates":[-118.237237,34.1032728]},"properties":{"id":"192554739","name":"Chevron","brand":"Chevron","address":"2135 North San Fernando Road Los Angeles"}},{"type":"Feature","geometry":{"type":"Point","coordinates":[-118.318237,34.1778393]},"properties":{"id":"344724678","name":"Shell","brand":"Shell","address":"400 North Victory Boulevard"}},{"type":"Feature","geometry":{"type":"Point","coordinates":[-118.4219588,34.2454933]},"properties":{"id":"380318679","name":"Chevron","brand":"Chevron","address":""}},{"type":"Feature","geometry":{"type":"Point","coordinates":[-118.317663,34.0983921]},"properties":{"id":"452645003","name":"Mobil","brand":"Mobil","address":""}},{"type":"Feature","geometry":{"type":"Point","coordinates":[-118.261042,34.0430344]},"properties":{"id":"470920608","name":"Shell","brand":"Shell","address":""}},{"type":"Feature","geometry":{"type":"Point","coordinates":[-118.329908,34.1611268]},"properties":{"id":"494397512","name":"G&M Oil Company #75","brand":"G&M","address":"2501 West Olive Avenue"}},{"type":"Feature","geometry":{"type":"Point","coordinates":[-118.367589,34.2212475]},"properties":{"id":"550071432","name":"Shell","brand":"Shell","address":""}},{"type":"Feature","geometry":{"type":"Point","coordinates":[-118.158332,34.0159862]},"properties":{"id":"553657204","name":"76","brand":"76","address":""}},{"type":"Feature","geometry":{"type":"Point","coordinates":[-118.1527554,34.1160006]},"properties":{"id":"580639410","name":"Chevron","brand":"Chevron","address":""}},{"type":"Feature","geometry":{"type":"Point","coordinates":[-118.1608601,34.1160405]},"properties":{"id":"580640483","name":"Arco","brand":"Arco","address":""}},{"type":"Feature","geometry":{"type":"Point","coordinates":[-118.218093,33.824025]},"properties":{"id":"581248967","name":"Chevron","brand":"Chevron","address":""}},{"type":"Feature","geometry":{"type":"Point","coordinates":[-118.17046,34.0190321]},"properties":{"id":"582842774","name":"Arco","brand":"Arco","address":""}},{"type":"Feature","geometry":{"type":"Point","coordinates":[-118.1739212,34.0444264]},"properties":{"id":"582866882","name":"Gas Station","brand":"","address":""}},{"type":"Feature","geometry":{"type":"Point","coordinates":[-118.1727227,34.0599944]},"properties":{"id":"583031847","name":"Mobil","brand":"Mobil","address":""}},{"type":"Feature","geometry":{"type":"Point","coordinates":[-118.284313,34.0354024]},"properties":{"id":"591042107","name":"Arco","brand":"Arco","address":""}},{"type":"Feature","geometry":{"type":"Point","coordinates":[-118.1809464,34.1145924]},"properties":{"id":"595842087","name":"Chevron","brand":"Chevron","address":""}},{"type":"Feature","geometry":{"type":"Point","coordinates":[-118.152366,34.095561]},"properties":{"id":"598757059","name":"Mobil","brand":"Mobil","address":""}},{"type":"Feature","geometry":{"type":"Point","coordinates":[-118.153439,34.0316582]},"properties":{"id":"607813307","name":"76","brand":"76","address":""}},{"type":"Feature","geometry":{"type":"Point","coordinates":[-118.154147,34.031921]},"properties":{"id":"607813308","name":"Mobil","brand":"Mobil","address":""}},{"type":"Feature","geometry":{"type":"Point","coordinates":[-118.2162,34.0428281]},"properties":{"id":"607902536","name":"Shell","brand":"Shell","address":""}},{"type":"Feature","geometry":{"type":"Point","coordinates":[-118.2121714,34.0403747]},"properties":{"id":"607902553","name":"Valero","brand":"Valero","address":"401 Soto Street"}},{"type":"Feature","geometry":{"type":"Point","coordinates":[-118.291986,34.0692525]},"properties":{"id":"608957448","name":"76","brand":"76","address":"3501 3rd St Los Angeles"}},{"type":"Feature","geometry":{"type":"Point","coordinates":[-118.2698071,34.0667917]},"properties":{"id":"610178498","name":"Chevron","brand":"Chevron","address":""}},{"type":"Feature","geometry":{"type":"Point","coordinates":[-118.267519,34.0704341]},"properties":{"id":"610178503","name":"Shell","brand":"Shell","address":""}},{"type":"Feature","geometry":{"type":"Point","coordinates":[-118.260491,34.0819143]},"properties":{"id":"610178520","name":"Chevron","brand":"Chevron","address":""}},{"type":"Feature","geometry":{"type":"Point","coordinates":[-118.229574,34.0259251]},"properties":{"id":"614003511","name":"Shell","brand":"Shell","address":""}},{"type":"Feature","geometry":{"type":"Point","coordinates":[-118.220036,34.0729235]},"properties":{"id":"614037522","name":"76","brand":"76","address":""}},{"type":"Feature","geometry":{"type":"Point","coordinates":[-118.217175,34.0733788]},"properties":{"id":"614042901","name":"USA Gasoline","brand":"USA Gasoline","address":"2214 North Broadway"}},{"type":"Feature","geometry":{"type":"Point","coordinates":[-118.212097,34.0740022]},"properties":{"id":"614042912","name":"Arco","brand":"Arco","address":""}},{"type":"Feature","geometry":{"type":"Point","coordinates":[-118.208118,34.0735207]},"properties":{"id":"614042925","name":"Sinclair","brand":"Sinclair","address":"3130 North Broadway Los Angeles"}},{"type":"Feature","geometry":{"type":"Point","coordinates":[-118.207495,34.0735162]},"properties":{"id":"614042926","name":"Shell","brand":"Shell","address":""}},{"type":"Feature","geometry":{"type":"Point","coordinates":[-118.187944,34.0859145]},"properties":{"id":"614131294","name":"Shell","brand":"Shell","address":""}},{"type":"Feature","geometry":{"type":"Point","coordinates":[-118.396476,33.916032]},"properties":{"id":"619564970","name":"Chevron","brand":"Chevron","address":""}},{"type":"Feature","geometry":{"type":"Point","coordinates":[-118.555815,34.0388953]},"properties":{"id":"620048249","name":"Chevron","brand":"Chevron","address":""}},{"type":"Feature","geometry":{"type":"Point","coordinates":[-118.5547532,34.0389131]},"properties":{"id":"620048250","name":"76","brand":"76","address":""}},{"type":"Feature","geometry":{"type":"Point","coordinates":[-118.4708001,34.0254326]},"properties":{"id":"626870061","name":"76","brand":"76","address":""}},{"type":"Feature","geometry":{"type":"Point","coordinates":[-118.470301,34.0250746]},"properties":{"id":"626870062","name":"Shell","brand":"Shell","address":""}},{"type":"Feature","geometry":{"type":"Point","coordinates":[-118.469616,34.0253108]},"properties":{"id":"626870064","name":"Chevron","brand":"Chevron","address":""}},{"type":"Feature","geometry":{"type":"Point","coordinates":[-118.160542,33.9108748]},"properties":{"id":"628833133","name":"Mobil","brand":"Mobil","address":""}},{"type":"Feature","geometry":{"type":"Point","coordinates":[-118.1682938,33.8894853]},"properties":{"id":"628896044","name":"Petro Bras","brand":"Petro Bras","address":""}},{"type":"Feature","geometry":{"type":"Point","coordinates":[-118.206798,33.8889994]},"properties":{"id":"629032790","name":"76","brand":"76","address":""}},{"type":"Feature","geometry":{"type":"Point","coordinates":[-118.1933596,33.8884715]},"properties":{"id":"629032798","name":"Arco","brand":"Arco","address":""}},{"type":"Feature","geometry":{"type":"Point","coordinates":[-118.2196673,33.888908]},"properties":{"id":"630044934","name":"Alameda Fuel","brand":"","address":""}},{"type":"Feature","geometry":{"type":"Point","coordinates":[-118.250499,33.8886133]},"properties":{"id":"630498830","name":"Mobil","brand":"Mobil","address":""}},{"type":"Feature","geometry":{"type":"Point","coordinates":[-118.2913884,33.8732371]},"properties":{"id":"633175669","name":"Arco","brand":"Arco","address":""}},{"type":"Feature","geometry":{"type":"Point","coordinates":[-118.29063,33.8318934]},"properties":{"id":"633179952","name":"Shell","brand":"Shell","address":""}},{"type":"Feature","geometry":{"type":"Point","coordinates":[-118.289905,33.8312533]},"properties":{"id":"633180377","name":"Mobil","brand":"Mobil","address":""}},{"type":"Feature","geometry":{"type":"Point","coordinates":[-118.290712,33.8099169]},"properties":{"id":"633931087","name":"Mobil","brand":"Mobil","address":""}},{"type":"Feature","geometry":{"type":"Point","coordinates":[-118.203172,33.8745344]},"properties":{"id":"701702656","name":"Valero","brand":"Valero","address":""}},{"type":"Feature","geometry":{"type":"Point","coordinates":[-118.18615,33.8809862]},"properties":{"id":"701702692","name":"Valero","brand":"Valero","address":""}},{"type":"Feature","geometry":{"type":"Point","coordinates":[-118.198294,33.7755663]},"properties":{"id":"702449429","name":"76","brand":"76","address":""}},{"type":"Feature","geometry":{"type":"Point","coordinates":[-118.193358,33.790155]},"properties":{"id":"703647769","name":"Mobil","brand":"Mobil","address":""}},{"type":"Feature","geometry":{"type":"Point","coordinates":[-118.188937,33.7895803]},"properties":{"id":"703647788","name":"Chevron","brand":"Chevron","address":""}},{"type":"Feature","geometry":{"type":"Point","coordinates":[-118.197843,33.7901403]},"properties":{"id":"703647850","name":"76","brand":"76","address":""}},{"type":"Feature","geometry":{"type":"Point","coordinates":[-118.279553,34.0783324]},"properties":{"id":"757327019","name":"Mobil","brand":"Mobil","address":""}},{"type":"Feature","geometry":{"type":"Point","coordinates":[-118.291467,34.1007151]},"properties":{"id":"902322512","name":"Shell","brand":"Shell","address":""}},{"type":"Feature","geometry":{"type":"Point","coordinates":[-118.34429,34.0647105]},"properties":{"id":"939272505","name":"76","brand":"76","address":""}},{"type":"Feature","geometry":{"type":"Point","coordinates":[-118.3443337,34.0764172]},"properties":{"id":"939272578","name":"Chevron","brand":"Chevron","address":""}},{"type":"Feature","geometry":{"type":"Point","coordinates":[-118.3437355,34.0759395]},"properties":{"id":"939272587","name":"Chevron","brand":"Chevron","address":"7020 Beverly Boulevard"}},{"type":"Feature","geometry":{"type":"Point","coordinates":[-118.442902,33.9565385]},"properties":{"id":"1031049068","name":"Mobil","brand":"Mobil","address":""}},{"type":"Feature","geometry":{"type":"Point","coordinates":[-118.313201,34.0983692]},"properties":{"id":"1036344185","name":"Shell","brand":"Shell","address":""}},{"type":"Feature","geometry":{"type":"Point","coordinates":[-118.3270118,34.0830793]},"properties":{"id":"1098422832","name":"Valero","brand":"Valero","address":""}},{"type":"Feature","geometry":{"type":"Point","coordinates":[-118.1729464,34.0590822]},"properties":{"id":"1211994909","name":"Chevron","brand":"Chevron","address":""}},{"type":"Feature","geometry":{"type":"Point","coordinates":[-118.2386891,34.0762089]},"properties":{"id":"1230007795","name":"76","brand":"76","address":""}},{"type":"Feature","geometry":{"type":"Point","coordinates":[-118.334926,34.1716259]},"properties":{"id":"1261625950","name":"Rapid 14","brand":"Shell","address":""}},{"type":"Feature","geometry":{"type":"Point","coordinates":[-118.3303791,34.1061543]},"properties":{"id":"1274361044","name":"Chevron","brand":"Chevron","address":""}},{"type":"Feature","geometry":{"type":"Point","coordinates":[-118.2822773,33.9598047]},"properties":{"id":"1424275319","name":"76","brand":"76","address":""}},{"type":"Feature","geometry":{"type":"Point","coordinates":[-118.269866,33.9598273]},"properties":{"id":"1424377668","name":"Chevron","brand":"Chevron","address":""}},{"type":"Feature","geometry":{"type":"Point","coordinates":[-118.269917,33.9603813]},"properties":{"id":"1424377674","name":"Sinclair","brand":"Sinclair","address":""}},{"type":"Feature","geometry":{"type":"Point","coordinates":[-118.5970767,34.1788024]},"properties":{"id":"1472144009","name":"Gas Station","brand":"","address":""}},{"type":"Feature","geometry":{"type":"Point","coordinates":[-118.6056773,34.1934128]},"properties":{"id":"1472144496","name":"76","brand":"76","address":""}},{"type":"Feature","geometry":{"type":"Point","coordinates":[-118.331267,33.9886895]},"properties":{"id":"1474999160","name":"Shell","brand":"Shell","address":""}},{"type":"Feature","geometry":{"type":"Point","coordinates":[-118.3303524,33.9887029]},"properties":{"id":"1474999175","name":"Arco","brand":"Arco","address":""}},{"type":"Feature","geometry":{"type":"Point","coordinates":[-118.2085652,33.7844489]},"properties":{"id":"1480291337","name":"Gas Station","brand":"","address":""}},{"type":"Feature","geometry":{"type":"Point","coordinates":[-118.2119621,34.06632]},"properties":{"id":"1488571301","name":"C & J","brand":"","address":""}},{"type":"Feature","geometry":{"type":"Point","coordinates":[-118.623,34.1934707]},"properties":{"id":"1534704464","name":"Chevron","brand":"Chevron","address":""}},{"type":"Feature","geometry":{"type":"Point","coordinates":[-118.2832329,33.7909389]},"properties":{"id":"1669816826","name":"76","brand":"76","address":""}},{"type":"Feature","geometry":{"type":"Point","coordinates":[-118.52708,34.2352278]},"properties":{"id":"1707761086","name":"76","brand":"76","address":""}},{"type":"Feature","geometry":{"type":"Point","coordinates":[-118.417307,34.0124266]},"properties":{"id":"1717146551","name":"Shell","brand":"Shell","address":""}},{"type":"Feature","geometry":{"type":"Point","coordinates":[-118.2830422,34.0034482]},"properties":{"id":"1759017532","name":"Shell","brand":"Shell","address":""}},{"type":"Feature","geometry":{"type":"Point","coordinates":[-118.2831331,34.0040069]},"properties":{"id":"1759017533","name":"76","brand":"76","address":""}},{"type":"Feature","geometry":{"type":"Point","coordinates":[-118.282242,34.0106834]},"properties":{"id":"1759017535","name":"Chevron","brand":"Chevron","address":""}},{"type":"Feature","geometry":{"type":"Point","coordinates":[-118.2659087,34.0467457]},"properties":{"id":"1770628327","name":"Gas Station","brand":"","address":""}},{"type":"Feature","geometry":{"type":"Point","coordinates":[-118.4856191,34.0141243]},"properties":{"id":"1780473891","name":"Chevron","brand":"Chevron","address":""}},{"type":"Feature","geometry":{"type":"Point","coordinates":[-118.3794383,33.9701877]},"properties":{"id":"1866116930","name":"Gas Station","brand":"","address":""}},{"type":"Feature","geometry":{"type":"Point","coordinates":[-118.4761747,34.015672]},"properties":{"id":"1887248056","name":"Chevron","brand":"Chevron","address":""}},{"type":"Feature","geometry":{"type":"Point","coordinates":[-118.4745225,34.2353077]},"properties":{"id":"1917520642","name":"76","brand":"76","address":""}},{"type":"Feature","geometry":{"type":"Point","coordinates":[-118.3787588,34.1502089]},"properties":{"id":"1932894005","name":"76","brand":"76","address":""}},{"type":"Feature","geometry":{"type":"Point","coordinates":[-118.5365892,34.2575124]},"properties":{"id":"1937110337","name":"Gas Station","brand":"","address":""}},{"type":"Feature","geometry":{"type":"Point","coordinates":[-118.4478398,34.0675285]},"properties":{"id":"1956573671","name":"Gas Station","brand":"","address":""}},{"type":"Feature","geometry":{"type":"Point","coordinates":[-118.4839369,34.201409]},"properties":{"id":"1963468328","name":"Gas Station","brand":"","address":""}},{"type":"Feature","geometry":{"type":"Point","coordinates":[-118.4841032,34.2009276]},"properties":{"id":"1963468331","name":"Gas Station","brand":"","address":""}},{"type":"Feature","geometry":{"type":"Point","coordinates":[-118.2018982,34.0567718]},"properties":{"id":"1994411703","name":"Chevron","brand":"Chevron","address":""}},{"type":"Feature","geometry":{"type":"Point","coordinates":[-118.169267,33.8968243]},"properties":{"id":"2295081989","name":"Gas Station","brand":"","address":""}},{"type":"Feature","geometry":{"type":"Point","coordinates":[-118.3164948,34.1862628]},"properties":{"id":"2375732220","name":"Chuck's Corner Market 76","brand":"76","address":"901 North San Fernando Boulevard Burbank"}},{"type":"Feature","geometry":{"type":"Point","coordinates":[-118.396655,33.9239031]},"properties":{"id":"2611785089","name":"Airport Union Gas","brand":"","address":"North Pacific Coast Highway El Segundo"}},{"type":"Feature","geometry":{"type":"Point","coordinates":[-118.485803,34.0237068]},"properties":{"id":"2625007134","name":"Chevron","brand":"Chevron","address":""}},{"type":"Feature","geometry":{"type":"Point","coordinates":[-118.338029,34.184819]},"properties":{"id":"2641277012","name":"76","brand":"","address":"2421 West Victory Boulevard"}},{"type":"Feature","geometry":{"type":"Point","coordinates":[-118.347314,34.1680476]},"properties":{"id":"2641277072","name":"Arco","brand":"Arco","address":"3771 West Magnolia Boulevard"}},{"type":"Feature","geometry":{"type":"Point","coordinates":[-118.3374084,34.1972983]},"properties":{"id":"2641277080","name":"Exxon","brand":"Exxon","address":""}},{"type":"Feature","geometry":{"type":"Point","coordinates":[-118.3253636,34.1968174]},"properties":{"id":"2641277088","name":"Gas Station","brand":"","address":""}},{"type":"Feature","geometry":{"type":"Point","coordinates":[-118.3703947,33.9456486]},"properties":{"id":"2780667967","name":"Arco","brand":"Arco","address":"5201 West Century Boulevard Los Angeles"}},{"type":"Feature","geometry":{"type":"Point","coordinates":[-118.390453,34.0327454]},"properties":{"id":"2813379251","name":"Shell","brand":"Shell","address":"3029 South Robertson Boulevard"}},{"type":"Feature","geometry":{"type":"Point","coordinates":[-118.3756708,33.9596689]},"properties":{"id":"2858234440","name":"Arco","brand":"Arco","address":""}},{"type":"Feature","geometry":{"type":"Point","coordinates":[-118.468384,34.0013569]},"properties":{"id":"2896465327","name":"Chevron","brand":"Chevron","address":""}},{"type":"Feature","geometry":{"type":"Point","coordinates":[-118.295098,34.063806]},"properties":{"id":"2921252617","name":"Chevron","brand":"Chevron","address":""}},{"type":"Feature","geometry":{"type":"Point","coordinates":[-118.527189,34.048261]},"properties":{"id":"2980633379","name":"Shell","brand":"Shell","address":""}},{"type":"Feature","geometry":{"type":"Point","coordinates":[-118.164179,34.0904278]},"properties":{"id":"3134132927","name":"7-Eleven","brand":"7-Eleven","address":""}},{"type":"Feature","geometry":{"type":"Point","coordinates":[-118.394292,33.9835411]},"properties":{"id":"3177514854","name":"Mobil","brand":"Mobil","address":"6100 Sepulveda Boulevard Culver City"}},{"type":"Feature","geometry":{"type":"Point","coordinates":[-118.237281,34.0584589]},"properties":{"id":"3211936879","name":"Chevron","brand":"Chevron","address":""}},{"type":"Feature","geometry":{"type":"Point","coordinates":[-118.3586635,34.0763657]},"properties":{"id":"3255256318","name":"76","brand":"76","address":"7751 Beverly Boulevard Los Angeles"}},{"type":"Feature","geometry":{"type":"Point","coordinates":[-118.3781926,33.9451423]},"properties":{"id":"3301037373","name":"76","brand":"76","address":"5552 West Century Boulevard Los Angeles"}},{"type":"Feature","geometry":{"type":"Point","coordinates":[-118.3708579,33.9631324]},"properties":{"id":"3386038041","name":"Mobil","brand":"Mobil","address":""}},{"type":"Feature","geometry":{"type":"Point","coordinates":[-118.375867,34.0592789]},"properties":{"id":"3389891070","name":"Sinclair","brand":"Sinclair","address":""}},{"type":"Feature","geometry":{"type":"Point","coordinates":[-118.334756,34.0252954]},"properties":{"id":"3390316736","name":"Arco","brand":"Arco","address":""}},{"type":"Feature","geometry":{"type":"Point","coordinates":[-118.335484,34.0258355]},"properties":{"id":"3390316737","name":"Chevron","brand":"Chevron","address":""}},{"type":"Feature","geometry":{"type":"Point","coordinates":[-118.308685,34.0180089]},"properties":{"id":"3390316852","name":"76","brand":"76","address":""}},{"type":"Feature","geometry":{"type":"Point","coordinates":[-118.2612512,34.0684546]},"properties":{"id":"3409259257","name":"Gas Station","brand":"","address":""}},{"type":"Feature","geometry":{"type":"Point","coordinates":[-118.478341,34.3038635]},"properties":{"id":"3520793086","name":"Mobil","brand":"Mobil","address":"15948 Roxford Street Sylmar"}},{"type":"Feature","geometry":{"type":"Point","coordinates":[-118.358178,33.988868]},"properties":{"id":"3591058879","name":"Arco","brand":"Arco","address":""}},{"type":"Feature","geometry":{"type":"Point","coordinates":[-118.1692843,33.9034461]},"properties":{"id":"3696439852","name":"Gas Station","brand":"","address":""}},{"type":"Feature","geometry":{"type":"Point","coordinates":[-118.2404758,34.2119439]},"properties":{"id":"3785488820","name":"Chevron","brand":"Chevron","address":""}},{"type":"Feature","geometry":{"type":"Point","coordinates":[-118.4519728,33.9940575]},"properties":{"id":"3790707996","name":"Chevron","brand":"Chevron","address":""}},{"type":"Feature","geometry":{"type":"Point","coordinates":[-118.6062637,34.1807544]},"properties":{"id":"3807736849","name":"Gas Station","brand":"","address":""}},{"type":"Feature","geometry":{"type":"Point","coordinates":[-118.2620798,34.0336409]},"properties":{"id":"3854179745","name":"Chevron","brand":"Chevron","address":""}},{"type":"Feature","geometry":{"type":"Point","coordinates":[-118.215063,33.7895849]},"properties":{"id":"3869569718","name":"Shell","brand":"Shell","address":""}},{"type":"Feature","geometry":{"type":"Point","coordinates":[-118.2435244,34.034129]},"properties":{"id":"4003035589","name":"Gas Station","brand":"","address":""}},{"type":"Feature","geometry":{"type":"Point","coordinates":[-118.189773,33.8192266]},"properties":{"id":"4045905170","name":"Arco","brand":"Arco","address":""}},{"type":"Feature","geometry":{"type":"Point","coordinates":[-118.4872168,34.0093164]},"properties":{"id":"4045929827","name":"Arco","brand":"Arco","address":""}},{"type":"Feature","geometry":{"type":"Point","coordinates":[-118.3389105,34.0941907]},"properties":{"id":"4045965699","name":"Arco","brand":"Arco","address":""}},{"type":"Feature","geometry":{"type":"Point","coordinates":[-118.322814,34.1050742]},"properties":{"id":"4045968129","name":"Arco","brand":"Arco","address":"6100 Franklin Avenue Los Angeles"}},{"type":"Feature","geometry":{"type":"Point","coordinates":[-118.2685405,34.0701658]},"properties":{"id":"4045989360","name":"Arco","brand":"Arco","address":"2106 Temple Street Los Angeles"}},{"type":"Feature","geometry":{"type":"Point","coordinates":[-118.4487158,34.2746673]},"properties":{"id":"4047390101","name":"Arco","brand":"Arco","address":"11244 Laurel Canyon Boulevard San Fernando"}},{"type":"Feature","geometry":{"type":"Point","coordinates":[-118.4279855,33.9967901]},"properties":{"id":"4056217960","name":"Arco","brand":"Arco","address":"12332 West Washington Boulevard Los Angeles"}},{"type":"Feature","geometry":{"type":"Point","coordinates":[-118.413884,34.0091619]},"properties":{"id":"4075193941","name":"Chevron","brand":"Chevron","address":""}},{"type":"Feature","geometry":{"type":"Point","coordinates":[-118.536316,34.1796203]},"properties":{"id":"4114812782","name":"Arco","brand":"Arco","address":"6039 Reseda Boulevard tarzana"}},{"type":"Feature","geometry":{"type":"Point","coordinates":[-118.298862,33.8580139]},"properties":{"id":"4115993733","name":"Shell","brand":"Shell","address":"South Normandie Avenue Torrance"}},{"type":"Feature","geometry":{"type":"Point","coordinates":[-118.3088284,33.8586844]},"properties":{"id":"4116067103","name":"Mobil","brand":"Mobil","address":"1645 West 190th Street Gardena"}},{"type":"Feature","geometry":{"type":"Point","coordinates":[-118.238772,34.0272046]},"properties":{"id":"4116327263","name":"76","brand":"76","address":"East Olympic Boulevard Los Angeles"}},{"type":"Feature","geometry":{"type":"Point","coordinates":[-118.265683,34.1247061]},"properties":{"id":"4140126387","name":"Chevron","brand":"Chevron","address":""}},{"type":"Feature","geometry":{"type":"Point","coordinates":[-118.266492,34.1248341]},"properties":{"id":"4140126388","name":"Shell","brand":"Shell","address":""}},{"type":"Feature","geometry":{"type":"Point","coordinates":[-118.26605,34.1251194]},"properties":{"id":"4140129389","name":"76","brand":"76","address":""}},{"type":"Feature","geometry":{"type":"Point","coordinates":[-118.5276021,34.1658626]},"properties":{"id":"4141075886","name":"Gas Station","brand":"","address":""}},{"type":"Feature","geometry":{"type":"Point","coordinates":[-118.5268906,34.1656406]},"properties":{"id":"4141075888","name":"Gas Station","brand":"","address":""}},{"type":"Feature","geometry":{"type":"Point","coordinates":[-118.256979,33.831966]},"properties":{"id":"4174765193","name":"76","brand":"76","address":""}},{"type":"Feature","geometry":{"type":"Point","coordinates":[-118.4006847,33.9841667]},"properties":{"id":"4255317525","name":"Sinclair","brand":"Sinclair","address":""}},{"type":"Feature","geometry":{"type":"Point","coordinates":[-118.467253,34.0012926]},"properties":{"id":"4280190235","name":"Gulf","brand":"Gulf","address":""}},{"type":"Feature","geometry":{"type":"Point","coordinates":[-118.436155,33.9598395]},"properties":{"id":"4280847290","name":"Arco","brand":"Arco","address":""}},{"type":"Feature","geometry":{"type":"Point","coordinates":[-118.4239987,34.0579416]},"properties":{"id":"4438122090","name":"76","brand":"76","address":""}},{"type":"Feature","geometry":{"type":"Point","coordinates":[-118.3389297,34.0836403]},"properties":{"id":"4438222495","name":"Mobil","brand":"Mobil","address":""}},{"type":"Feature","geometry":{"type":"Point","coordinates":[-118.419254,34.0113631]},"properties":{"id":"4449910690","name":"Conserv Fuel","brand":"","address":""}},{"type":"Feature","geometry":{"type":"Point","coordinates":[-118.314306,34.0528808]},"properties":{"id":"4623208989","name":"76","brand":"76","address":""}},{"type":"Feature","geometry":{"type":"Point","coordinates":[-118.2747568,34.0491807]},"properties":{"id":"4679116389","name":"76","brand":"76","address":""}},{"type":"Feature","geometry":{"type":"Point","coordinates":[-118.476364,34.0072555]},"properties":{"id":"4694244927","name":"Speedway Express","brand":"Speedway","address":""}},{"type":"Feature","geometry":{"type":"Point","coordinates":[-118.197973,33.7820381]},"properties":{"id":"4696775290","name":"Chevron","brand":"Chevron","address":""}},{"type":"Feature","geometry":{"type":"Point","coordinates":[-118.1983197,33.7820739]},"properties":{"id":"4696781889","name":"Shell","brand":"Shell","address":""}},{"type":"Feature","geometry":{"type":"Point","coordinates":[-118.16725,33.8077886]},"properties":{"id":"4696807201","name":"76","brand":"76","address":"2790 Cherry Avenue"}},{"type":"Feature","geometry":{"type":"Point","coordinates":[-118.372837,34.0905059]},"properties":{"id":"4903112335","name":"WeHo Fuels","brand":"","address":"Santa Monica Boulevard"}},{"type":"Feature","geometry":{"type":"Point","coordinates":[-118.3639127,34.0982465]},"properties":{"id":"4903112336","name":"76","brand":"76","address":""}},{"type":"Feature","geometry":{"type":"Point","coordinates":[-118.36115,34.0982862]},"properties":{"id":"4903114326","name":"Mobil","brand":"Mobil","address":""}},{"type":"Feature","geometry":{"type":"Point","coordinates":[-118.361615,34.0759256]},"properties":{"id":"5104605624","name":"Shell","brand":"Shell","address":""}},{"type":"Feature","geometry":{"type":"Point","coordinates":[-118.369835,34.1519893]},"properties":{"id":"5116060531","name":"76","brand":"76","address":""}},{"type":"Feature","geometry":{"type":"Point","coordinates":[-118.3858571,34.090434]},"properties":{"id":"5119897615","name":"Sunset Oil","brand":"","address":"8906 West Sunset Boulevard West Hollywood"}},{"type":"Feature","geometry":{"type":"Point","coordinates":[-118.349627,34.1751953]},"properties":{"id":"5141857662","name":"Sinclair","brand":"Sinclair","address":""}},{"type":"Feature","geometry":{"type":"Point","coordinates":[-118.444708,34.0203128]},"properties":{"id":"5313802421","name":"76","brand":"76","address":"2876 Bundy Drive"}},{"type":"Feature","geometry":{"type":"Point","coordinates":[-118.4384586,34.0105426]},"properties":{"id":"5313814625","name":"76","brand":"76","address":""}},{"type":"Feature","geometry":{"type":"Point","coordinates":[-118.3929691,33.8636871]},"properties":{"id":"5314315921","name":"Arco","brand":"Arco","address":"Pacific Coast Highway"}},{"type":"Feature","geometry":{"type":"Point","coordinates":[-118.3521751,33.8803093]},"properties":{"id":"5334639521","name":"Arco","brand":"Arco","address":""}},{"type":"Feature","geometry":{"type":"Point","coordinates":[-118.352143,33.8768284]},"properties":{"id":"5334639623","name":"Chevron","brand":"Chevron","address":""}},{"type":"Feature","geometry":{"type":"Point","coordinates":[-118.370552,34.1936399]},"properties":{"id":"5552376048","name":"Shell","brand":"Shell","address":""}},{"type":"Feature","geometry":{"type":"Point","coordinates":[-118.413451,34.157787]},"properties":{"id":"5556446591","name":"Shell","brand":"Shell","address":""}},{"type":"Feature","geometry":{"type":"Point","coordinates":[-118.182624,33.7666243]},"properties":{"id":"5640836031","name":"Shell","brand":"Shell","address":""}},{"type":"Feature","geometry":{"type":"Point","coordinates":[-118.35331,34.041037]},"properties":{"id":"5840624385","name":"Shell","brand":"Shell","address":"5164 Washington Boulevard"}},{"type":"Feature","geometry":{"type":"Point","coordinates":[-118.3767584,33.9522846]},"properties":{"id":"5882869596","name":"Arco","brand":"Arco","address":"9200 Aviation Boulevard"}},{"type":"Feature","geometry":{"type":"Point","coordinates":[-118.377324,33.9528641]},"properties":{"id":"5882869597","name":"Clean Energy","brand":"Clean Energy","address":""}},{"type":"Feature","geometry":{"type":"Point","coordinates":[-118.2113209,34.2092846]},"properties":{"id":"6252781271","name":"Gas Station","brand":"","address":""}},{"type":"Feature","geometry":{"type":"Point","coordinates":[-118.355073,34.0905918]},"properties":{"id":"6276871626","name":"Speedway Express","brand":"Speedway","address":"7564 Santa Monica Boulevard West Hollywood"}},{"type":"Feature","geometry":{"type":"Point","coordinates":[-118.3635181,34.090634]},"properties":{"id":"6276871632","name":"76","brand":"76","address":""}},{"type":"Feature","geometry":{"type":"Point","coordinates":[-118.365205,34.0905662]},"properties":{"id":"6276871633","name":"Shell","brand":"Shell","address":""}},{"type":"Feature","geometry":{"type":"Point","coordinates":[-118.2539887,34.0755597]},"properties":{"id":"6278505019","name":"United Oil","brand":"","address":""}},{"type":"Feature","geometry":{"type":"Point","coordinates":[-118.448977,34.0465631]},"properties":{"id":"6280581585","name":"SK","brand":"","address":""}},{"type":"Feature","geometry":{"type":"Point","coordinates":[-118.453507,34.0446407]},"properties":{"id":"6280581588","name":"Shell","brand":"Shell","address":""}},{"type":"Feature","geometry":{"type":"Point","coordinates":[-118.461426,34.0411708]},"properties":{"id":"6280581595","name":"76","brand":"76","address":""}},{"type":"Feature","geometry":{"type":"Point","coordinates":[-118.491796,34.0194744]},"properties":{"id":"6280581626","name":"Mobil","brand":"Mobil","address":""}},{"type":"Feature","geometry":{"type":"Point","coordinates":[-118.430888,34.2014637]},"properties":{"id":"6346002013","name":"76","brand":"76","address":""}},{"type":"Feature","geometry":{"type":"Point","coordinates":[-118.448374,34.2015171]},"properties":{"id":"6346087622","name":"United Oil","brand":"United","address":""}},{"type":"Feature","geometry":{"type":"Point","coordinates":[-118.2838621,34.040125]},"properties":{"id":"6502950114","name":"Chevron","brand":"Chevron","address":""}},{"type":"Feature","geometry":{"type":"Point","coordinates":[-118.291339,34.059549]},"properties":{"id":"6509961466","name":"Shell","brand":"Shell","address":""}},{"type":"Feature","geometry":{"type":"Point","coordinates":[-118.3851008,33.8192368]},"properties":{"id":"6572900408","name":"Chevron","brand":"Chevron","address":""}},{"type":"Feature","geometry":{"type":"Point","coordinates":[-118.433653,34.2572545]},"properties":{"id":"6587773290","name":"Arco","brand":"Arco","address":""}},{"type":"Feature","geometry":{"type":"Point","coordinates":[-118.2627629,34.0780317]},"properties":{"id":"6612312285","name":"76","brand":"76","address":""}},{"type":"Feature","geometry":{"type":"Point","coordinates":[-118.3700847,33.8580707]},"properties":{"id":"6642899680","name":"76","brand":"76","address":""}},{"type":"Feature","geometry":{"type":"Point","coordinates":[-118.334543,34.0328905]},"properties":{"id":"6725323185","name":"Chevron","brand":"Chevron","address":""}},{"type":"Feature","geometry":{"type":"Point","coordinates":[-118.334673,34.0323804]},"properties":{"id":"6725323285","name":"Mobil","brand":"Mobil","address":""}},{"type":"Feature","geometry":{"type":"Point","coordinates":[-118.452629,33.9882046]},"properties":{"id":"6742729904","name":"United Oil","brand":"","address":""}},{"type":"Feature","geometry":{"type":"Point","coordinates":[-118.271079,34.0461635]},"properties":{"id":"6771875136","name":"76","brand":"76","address":""}},{"type":"Feature","geometry":{"type":"Point","coordinates":[-118.343533,33.9161444]},"properties":{"id":"6771875138","name":"76","brand":"76","address":""}},{"type":"Feature","geometry":{"type":"Point","coordinates":[-118.360916,33.9166408]},"properties":{"id":"6771875144","name":"76","brand":"76","address":""}},{"type":"Feature","geometry":{"type":"Point","coordinates":[-118.361645,33.9161556]},"properties":{"id":"6771875146","name":"Chevron","brand":"Chevron","address":""}},{"type":"Feature","geometry":{"type":"Point","coordinates":[-118.421814,33.9632192]},"properties":{"id":"6771875147","name":"PV Fuel","brand":"","address":""}},{"type":"Feature","geometry":{"type":"Point","coordinates":[-118.3443645,34.0946589]},"properties":{"id":"6772010370","name":"Shell","brand":"Shell","address":""}},{"type":"Feature","geometry":{"type":"Point","coordinates":[-118.3639131,34.0721187]},"properties":{"id":"7129184185","name":"Chevron","brand":"Chevron","address":""}},{"type":"Feature","geometry":{"type":"Point","coordinates":[-118.4021412,34.0139015]},"properties":{"id":"8271899934","name":"76","brand":"76","address":""}},{"type":"Feature","geometry":{"type":"Point","coordinates":[-118.4309854,34.0261804]},"properties":{"id":"8279680007","name":"SK","brand":"","address":""}},{"type":"Feature","geometry":{"type":"Point","coordinates":[-118.1603055,34.0756064]},"properties":{"id":"8296814975","name":"Arco","brand":"Arco","address":""}},{"type":"Feature","geometry":{"type":"Point","coordinates":[-118.4129883,34.0077206]},"properties":{"id":"8301099737","name":"Arco","brand":"Arco","address":""}},{"type":"Feature","geometry":{"type":"Point","coordinates":[-118.3935812,34.0048712]},"properties":{"id":"8301099771","name":"Chevron","brand":"Chevron","address":""}},{"type":"Feature","geometry":{"type":"Point","coordinates":[-118.3736235,34.0325409]},"properties":{"id":"8373345509","name":"Arco","brand":"Arco","address":""}},{"type":"Feature","geometry":{"type":"Point","coordinates":[-118.377593,34.0380033]},"properties":{"id":"8373345510","name":"Mobil","brand":"Mobil","address":""}},{"type":"Feature","geometry":{"type":"Point","coordinates":[-118.3777192,34.0386078]},"properties":{"id":"8373345511","name":"Chevron","brand":"Chevron","address":""}},{"type":"Feature","geometry":{"type":"Point","coordinates":[-118.4914257,34.0482661]},"properties":{"id":"8444258545","name":"Sinclair","brand":"Sinclair","address":""}},{"type":"Feature","geometry":{"type":"Point","coordinates":[-118.4020941,34.0542313]},"properties":{"id":"8474151680","name":"Shell","brand":"Shell","address":""}},{"type":"Feature","geometry":{"type":"Point","coordinates":[-118.4696058,34.0525684]},"properties":{"id":"8542665992","name":"Chevron","brand":"Chevron","address":""}},{"type":"Feature","geometry":{"type":"Point","coordinates":[-118.4123669,34.0025137]},"properties":{"id":"8543216421","name":"Chevron","brand":"Chevron","address":""}},{"type":"Feature","geometry":{"type":"Point","coordinates":[-118.3896325,34.0554975]},"properties":{"id":"8619128402","name":"76","brand":"76","address":""}},{"type":"Feature","geometry":{"type":"Point","coordinates":[-118.395012,34.0550218]},"properties":{"id":"8619128410","name":"Mobil","brand":"Mobil","address":""}},{"type":"Feature","geometry":{"type":"Point","coordinates":[-118.370445,34.0338606]},"properties":{"id":"8716702991","name":"Mobil","brand":"Mobil","address":""}},{"type":"Feature","geometry":{"type":"Point","coordinates":[-118.4489365,34.0333782]},"properties":{"id":"8809792882","name":"United Oil","brand":"","address":""}},{"type":"Feature","geometry":{"type":"Point","coordinates":[-118.358181,34.0437936]},"properties":{"id":"8828568445","name":"Shell","brand":"Shell","address":""}},{"type":"Feature","geometry":{"type":"Point","coordinates":[-118.392654,33.8621358]},"properties":{"id":"9109652414","name":"Mobil","brand":"Mobil","address":""}},{"type":"Feature","geometry":{"type":"Point","coordinates":[-118.5539778,34.2285698]},"properties":{"id":"9178526526","name":"Speedway","brand":"Speedway","address":"19301 Parthenia Street Northridge"}},{"type":"Feature","geometry":{"type":"Point","coordinates":[-118.3717785,33.9015958]},"properties":{"id":"9315833094","name":"Speedway Express","brand":"Speedway","address":""}},{"type":"Feature","geometry":{"type":"Point","coordinates":[-118.597972,34.2007141]},"properties":{"id":"9421848240","name":"Shell","brand":"Shell","address":""}},{"type":"Feature","geometry":{"type":"Point","coordinates":[-118.5749986,34.2007504]},"properties":{"id":"9421872389","name":"Arco","brand":"7-Eleven","address":""}},{"type":"Feature","geometry":{"type":"Point","coordinates":[-118.291382,34.0357551]},"properties":{"id":"9462723984","name":"Chevron","brand":"Chevron","address":"2202 Vermont Avenue Los Angeles"}},{"type":"Feature","geometry":{"type":"Point","coordinates":[-118.3004862,34.0323721]},"properties":{"id":"9462770200","name":"Adam's Fuel","brand":"","address":"26003 South Normandie Avenue Los Angeles"}},{"type":"Feature","geometry":{"type":"Point","coordinates":[-118.188503,33.9198326]},"properties":{"id":"9467066588","name":"76","brand":"76","address":"11515 Atlantic Ave"}},{"type":"Feature","geometry":{"type":"Point","coordinates":[-118.188235,33.9211159]},"properties":{"id":"9467076847","name":"Chevron","brand":"Chevron","address":"11401 Atlantic Ave"}},{"type":"Feature","geometry":{"type":"Point","coordinates":[-118.216772,33.9457222]},"properties":{"id":"9473734982","name":"Speedway Express","brand":"Speedway","address":"9853 Long Beach Boulevard South Gate"}},{"type":"Feature","geometry":{"type":"Point","coordinates":[-118.3979588,33.8872094]},"properties":{"id":"9591696140","name":"Arco","brand":"Arco","address":""}},{"type":"Feature","geometry":{"type":"Point","coordinates":[-118.3796502,34.1725125]},"properties":{"id":"9627376188","name":"Shell","brand":"Shell","address":"11407 Burbank Boulevard North Hollywood"}},{"type":"Feature","geometry":{"type":"Point","coordinates":[-118.2646721,33.9750682]},"properties":{"id":"9645857933","name":"Shell","brand":"Shell","address":"605 East Florence Avenue Los Angeles"}},{"type":"Feature","geometry":{"type":"Point","coordinates":[-118.3408589,33.7879804]},"properties":{"id":"9670876139","name":"Chevron","brand":"Chevron","address":""}},{"type":"Feature","geometry":{"type":"Point","coordinates":[-118.553317,34.2013767]},"properties":{"id":"9671473506","name":"76 Gas Station","brand":"76","address":"19271 Sherman Way Los Angeles"}},{"type":"Feature","geometry":{"type":"Point","coordinates":[-118.4191758,34.2468502]},"properties":{"id":"9671501758","name":"AMPM","brand":"AMPN","address":"13150 Osborne Street Los Angeles"}},{"type":"Feature","geometry":{"type":"Point","coordinates":[-118.2943521,34.01062]},"properties":{"id":"9710951369","name":"Gold Star Gas","brand":"","address":""}},{"type":"Feature","geometry":{"type":"Point","coordinates":[-118.4213504,33.9626155]},"properties":{"id":"9809940580","name":"76","brand":"76","address":""}},{"type":"Feature","geometry":{"type":"Point","coordinates":[-118.1575109,33.8320273]},"properties":{"id":"9855368052","name":"Walmart Gas","brand":"Walmart","address":""}},{"type":"Feature","geometry":{"type":"Point","coordinates":[-118.3205359,34.0534772]},"properties":{"id":"9906488282","name":"Mobil","brand":"Mobil","address":""}},{"type":"Feature","geometry":{"type":"Point","coordinates":[-118.3094356,34.0469428]},"properties":{"id":"9906494929","name":"Shell","brand":"Shell","address":""}},{"type":"Feature","geometry":{"type":"Point","coordinates":[-118.1920099,34.0190652]},"properties":{"id":"9948284571","name":"76","brand":"76","address":""}},{"type":"Feature","geometry":{"type":"Point","coordinates":[-118.3531053,33.8804498]},"properties":{"id":"9972719707","name":"USA Gasoline","brand":"USA Gasoline","address":""}},{"type":"Feature","geometry":{"type":"Point","coordinates":[-118.5358154,34.2575404]},"properties":{"id":"10083915988","name":"Arco","brand":"Arco","address":""}},{"type":"Feature","geometry":{"type":"Point","coordinates":[-118.3161212,34.0863622]},"properties":{"id":"10133254401","name":"Paramount Studios","brand":"","address":""}},{"type":"Feature","geometry":{"type":"Point","coordinates":[-118.2416673,33.8246341]},"properties":{"id":"10170073607","name":"Shell","brand":"Shell","address":""}},{"type":"Feature","geometry":{"type":"Point","coordinates":[-118.4657272,34.0539645]},"properties":{"id":"10180090927","name":"Conserv","brand":"","address":""}},{"type":"Feature","geometry":{"type":"Point","coordinates":[-118.2797651,33.9826101]},"properties":{"id":"10258265646","name":"Arco","brand":"Arco","address":""}},{"type":"Feature","geometry":{"type":"Point","coordinates":[-118.3354962,34.0322478]},"properties":{"id":"10272254579","name":"Thrifty","brand":"","address":""}},{"type":"Feature","geometry":{"type":"Point","coordinates":[-118.3352224,34.0328586]},"properties":{"id":"10272254580","name":"76","brand":"76","address":""}},{"type":"Feature","geometry":{"type":"Point","coordinates":[-118.3117097,34.1640486]},"properties":{"id":"10274726337","name":"Chevron","brand":"","address":""}},{"type":"Feature","geometry":{"type":"Point","coordinates":[-118.307488,34.1668645]},"properties":{"id":"10274726342","name":"76","brand":"76","address":"South Victory Boulevard"}},{"type":"Feature","geometry":{"type":"Point","coordinates":[-118.300484,33.9930366]},"properties":{"id":"10274960342","name":"Shell","brand":"Shell","address":""}},{"type":"Feature","geometry":{"type":"Point","coordinates":[-118.3139357,34.1015202]},"properties":{"id":"10276466342","name":"Mobil","brand":"Mobil","address":""}},{"type":"Feature","geometry":{"type":"Point","coordinates":[-118.3176273,34.1014656]},"properties":{"id":"10276480605","name":"76","brand":"76","address":""}},{"type":"Feature","geometry":{"type":"Point","coordinates":[-118.2999854,33.9456595]},"properties":{"id":"10277265611","name":"Chevron","brand":"Chevron","address":""}},{"type":"Feature","geometry":{"type":"Point","coordinates":[-118.2912463,33.9307122]},"properties":{"id":"10277265653","name":"Mobil","brand":"Mobil","address":""}},{"type":"Feature","geometry":{"type":"Point","coordinates":[-118.3086536,33.9893822]},"properties":{"id":"10279137886","name":"76","brand":"76","address":""}},{"type":"Feature","geometry":{"type":"Point","coordinates":[-118.308695,33.9707212]},"properties":{"id":"10279137902","name":"Arco","brand":"Arco","address":""}},{"type":"Feature","geometry":{"type":"Point","coordinates":[-118.3093722,33.9602461]},"properties":{"id":"10279205218","name":"Mobil","brand":"Mobil","address":""}},{"type":"Feature","geometry":{"type":"Point","coordinates":[-118.3093552,33.9594962]},"properties":{"id":"10279205221","name":"Ralphs","brand":"","address":""}},{"type":"Feature","geometry":{"type":"Point","coordinates":[-118.3087455,33.9523938]},"properties":{"id":"10279471258","name":"Arco","brand":"Arco","address":""}},{"type":"Feature","geometry":{"type":"Point","coordinates":[-118.3086038,33.9312856]},"properties":{"id":"10279493617","name":"Chevron","brand":"Chevron","address":""}},{"type":"Feature","geometry":{"type":"Point","coordinates":[-118.3269321,33.9311773]},"properties":{"id":"10279493631","name":"76","brand":"76","address":""}},{"type":"Feature","geometry":{"type":"Point","coordinates":[-118.3581803,33.9883963]},"properties":{"id":"10286202049","name":"Shell","brand":"Shell","address":""}},{"type":"Feature","geometry":{"type":"Point","coordinates":[-118.3552813,34.0252739]},"properties":{"id":"10286203797","name":"76","brand":"76","address":""}},{"type":"Feature","geometry":{"type":"Point","coordinates":[-118.5882557,34.2203168]},"properties":{"id":"10296001531","name":"Sam's Fuel","brand":"","address":""}},{"type":"Feature","geometry":{"type":"Point","coordinates":[-118.5888577,34.1934033]},"properties":{"id":"10296003217","name":"Gas Station","brand":"","address":""}},{"type":"Feature","geometry":{"type":"Point","coordinates":[-118.5888073,34.1940288]},"properties":{"id":"10296003218","name":"76","brand":"76","address":""}},{"type":"Feature","geometry":{"type":"Point","coordinates":[-118.3556411,33.9452427]},"properties":{"id":"10297066805","name":"76","brand":"76","address":""}},{"type":"Feature","geometry":{"type":"Point","coordinates":[-118.315221,33.9597768]},"properties":{"id":"10297729855","name":"Arco","brand":"Arco","address":""}},{"type":"Feature","geometry":{"type":"Point","coordinates":[-118.3173538,33.9452083]},"properties":{"id":"10308144445","name":"Chevron","brand":"Chevron","address":""}},{"type":"Feature","geometry":{"type":"Point","coordinates":[-118.3268902,33.9596505]},"properties":{"id":"10309983757","name":"Shell","brand":"Shell","address":""}},{"type":"Feature","geometry":{"type":"Point","coordinates":[-118.3261175,33.9457995]},"properties":{"id":"10309983769","name":"Arco","brand":"Arco","address":""}},{"type":"Feature","geometry":{"type":"Point","coordinates":[-118.3269577,33.8949321]},"properties":{"id":"10310267622","name":"7-Eleven","brand":"7-Eleven","address":""}},{"type":"Feature","geometry":{"type":"Point","coordinates":[-118.3268066,33.8907662]},"properties":{"id":"10310267629","name":"Chevron","brand":"Chevron","address":""}},{"type":"Feature","geometry":{"type":"Point","coordinates":[-118.4920577,34.1869011]},"properties":{"id":"10435617343","name":"Gas Station","brand":"","address":""}},{"type":"Feature","geometry":{"type":"Point","coordinates":[-118.335386,33.9313274]},"properties":{"id":"10536368236","name":"Arco","brand":"Arco","address":""}},{"type":"Feature","geometry":{"type":"Point","coordinates":[-118.3392372,33.9307097]},"properties":{"id":"10536368237","name":"Chevron","brand":"Chevron","address":""}},{"type":"Feature","geometry":{"type":"Point","coordinates":[-118.3434294,33.9306853]},"properties":{"id":"10536368240","name":"Mobil","brand":"Mobil","address":""}},{"type":"Feature","geometry":{"type":"Point","coordinates":[-118.3566476,33.9306963]},"properties":{"id":"10536368250","name":"76","brand":"76","address":""}},{"type":"Feature","geometry":{"type":"Point","coordinates":[-118.3530031,33.927558]},"properties":{"id":"10538673079","name":"Chevron","brand":"Chevron","address":""}},{"type":"Feature","geometry":{"type":"Point","coordinates":[-118.2518098,33.9890541]},"properties":{"id":"10609254826","name":"Sinclair","brand":"Sinclair","address":""}},{"type":"Feature","geometry":{"type":"Point","coordinates":[-118.41567,33.9186563]},"properties":{"id":"10612830684","name":"Chevron","brand":"Chevron","address":""}},{"type":"Feature","geometry":{"type":"Point","coordinates":[-118.256047,33.9749881]},"properties":{"id":"10634721839","name":"76","brand":"76","address":""}},{"type":"Feature","geometry":{"type":"Point","coordinates":[-118.2305559,33.9744563]},"properties":{"id":"10634721891","name":"Shell","brand":"Shell","address":""}},{"type":"Feature","geometry":{"type":"Point","coordinates":[-118.2143226,34.0611252]},"properties":{"id":"10660736663","name":"Chevron","brand":"Chevron","address":""}},{"type":"Feature","geometry":{"type":"Point","coordinates":[-118.256565,34.1063914]},"properties":{"id":"10665991348","name":"Chevron","brand":"Chevron","address":"2427 Fletcher Drive Los Angeles"}},{"type":"Feature","geometry":{"type":"Point","coordinates":[-118.2545299,34.1337532]},"properties":{"id":"10698485757","name":"Mobil","brand":"Mobil","address":""}},{"type":"Feature","geometry":{"type":"Point","coordinates":[-118.3479989,34.129233]},"properties":{"id":"10708243871","name":"Mobil","brand":"Mobil","address":""}},{"type":"Feature","geometry":{"type":"Point","coordinates":[-118.3613593,34.1355153]},"properties":{"id":"10708243883","name":"Arco","brand":"Arco","address":""}},{"type":"Feature","geometry":{"type":"Point","coordinates":[-118.3229429,33.789838]},"properties":{"id":"10728838491","name":"7-Eleven","brand":"7-Eleven","address":""}},{"type":"Feature","geometry":{"type":"Point","coordinates":[-118.3355139,34.0217113]},"properties":{"id":"10744608466","name":"Shell","brand":"Shell","address":""}},{"type":"Feature","geometry":{"type":"Point","coordinates":[-118.4696605,34.0191844]},"properties":{"id":"10791378768","name":"Sinclair","brand":"Sinclair","address":""}},{"type":"Feature","geometry":{"type":"Point","coordinates":[-118.4696353,34.0650647]},"properties":{"id":"10796113955","name":"Chevron","brand":"Chevron","address":""}},{"type":"Feature","geometry":{"type":"Point","coordinates":[-118.2920689,33.7430811]},"properties":{"id":"10882012103","name":"Chevron","brand":"Chevron","address":"106 South Gaffey Street San Pedro"}},{"type":"Feature","geometry":{"type":"Point","coordinates":[-118.2131398,33.9365952]},"properties":{"id":"10897929822","name":"Chevron","brand":"Chevron","address":""}},{"type":"Feature","geometry":{"type":"Point","coordinates":[-118.3839457,34.0596323]},"properties":{"id":"10982788988","name":"Shell","brand":"Shell","address":""}},{"type":"Feature","geometry":{"type":"Point","coordinates":[-118.3269346,33.8731343]},"properties":{"id":"11028242757","name":"Chevron","brand":"Chevron","address":""}},{"type":"Feature","geometry":{"type":"Point","coordinates":[-118.4490275,34.1645954]},"properties":{"id":"11121324188","name":"Shell","brand":"Shell","address":""}},{"type":"Feature","geometry":{"type":"Point","coordinates":[-118.4284513,34.2611269]},"properties":{"id":"11129017309","name":"Gas Station","brand":"","address":""}},{"type":"Feature","geometry":{"type":"Point","coordinates":[-118.4154102,34.2713041]},"properties":{"id":"11133339086","name":"Speedway Express","brand":"Speedway","address":""}},{"type":"Feature","geometry":{"type":"Point","coordinates":[-118.4121998,34.2738022]},"properties":{"id":"11133339091","name":"Chevron","brand":"Chevron","address":""}},{"type":"Feature","geometry":{"type":"Point","coordinates":[-118.4283932,34.2716014]},"properties":{"id":"11137644085","name":"Gas Station","brand":"","address":""}},{"type":"Feature","geometry":{"type":"Point","coordinates":[-118.4309593,34.274181]},"properties":{"id":"11137644088","name":"Arco","brand":"Arco","address":""}},{"type":"Feature","geometry":{"type":"Point","coordinates":[-118.4490024,34.2911219]},"properties":{"id":"11137668115","name":"Arco","brand":"Arco","address":""}},{"type":"Feature","geometry":{"type":"Point","coordinates":[-118.4973873,34.0195832]},"properties":{"id":"11162008278","name":"Chevron","brand":"Chevron","address":"432 Wilshire Boulevard"}},{"type":"Feature","geometry":{"type":"Point","coordinates":[-118.3273617,33.8588002]},"properties":{"id":"11172557358","name":"Shell","brand":"Shell","address":""}},{"type":"Feature","geometry":{"type":"Point","coordinates":[-118.3273464,33.8585926]},"properties":{"id":"11172557368","name":"Shell","brand":"Shell","address":""}},{"type":"Feature","geometry":{"type":"Point","coordinates":[-118.3608265,33.8725827]},"properties":{"id":"11249874025","name":"Mobil","brand":"Mobil","address":""}},{"type":"Feature","geometry":{"type":"Point","coordinates":[-118.5273133,34.0478964]},"properties":{"id":"11263455535","name":"76","brand":"76","address":""}},{"type":"Feature","geometry":{"type":"Point","coordinates":[-118.4834502,34.0123349]},"properties":{"id":"11315544163","name":"Shell","brand":"Shell","address":""}},{"type":"Feature","geometry":{"type":"Point","coordinates":[-118.282301,33.9889467]},"properties":{"id":"11337281582","name":"Gas Station","brand":"","address":""}},{"type":"Feature","geometry":{"type":"Point","coordinates":[-118.2823744,33.9825732]},"properties":{"id":"11337281599","name":"Sinclair","brand":"Sinclair","address":""}},{"type":"Feature","geometry":{"type":"Point","coordinates":[-118.2829319,33.9820626]},"properties":{"id":"11337281602","name":"Chevron","brand":"Chevron","address":""}},{"type":"Feature","geometry":{"type":"Point","coordinates":[-118.2817027,33.9743525]},"properties":{"id":"11337281620","name":"Chevron","brand":"Chevron","address":""}},{"type":"Feature","geometry":{"type":"Point","coordinates":[-118.2829622,33.945781]},"properties":{"id":"11337718319","name":"7-Eleven","brand":"7-Eleven","address":""}},{"type":"Feature","geometry":{"type":"Point","coordinates":[-118.2822622,33.9452532]},"properties":{"id":"11337718324","name":"76","brand":"76","address":""}},{"type":"Feature","geometry":{"type":"Point","coordinates":[-118.282845,33.9349849]},"properties":{"id":"11337718334","name":"VoltEdge Electrical Services","brand":"76","address":"111 S Grand Ave Los Angeles"}},{"type":"Feature","geometry":{"type":"Point","coordinates":[-118.2822681,33.9312471]},"properties":{"id":"11337718344","name":"Chevron","brand":"Chevron","address":""}},{"type":"Feature","geometry":{"type":"Point","coordinates":[-118.2779323,33.9889132]},"properties":{"id":"11350415278","name":"Mobil","brand":"Mobil","address":""}},{"type":"Feature","geometry":{"type":"Point","coordinates":[-118.2787066,33.9749627]},"properties":{"id":"11350415299","name":"Shell","brand":"Shell","address":""}},{"type":"Feature","geometry":{"type":"Point","coordinates":[-118.278722,33.9458189]},"properties":{"id":"11357442099","name":"Shell","brand":"Shell","address":""}},{"type":"Feature","geometry":{"type":"Point","coordinates":[-118.2735754,33.945788]},"properties":{"id":"11368026324","name":"Arco","brand":"Arco","address":""}},{"type":"Feature","geometry":{"type":"Point","coordinates":[-118.269835,33.9744819]},"properties":{"id":"11370247300","name":"World","brand":"","address":""}},{"type":"Feature","geometry":{"type":"Point","coordinates":[-118.2655067,33.9308499]},"properties":{"id":"11370359303","name":"Arco","brand":"Arco","address":""}},{"type":"Feature","geometry":{"type":"Point","coordinates":[-118.2735755,33.9312091]},"properties":{"id":"11370359317","name":"VP Racing Fuels","brand":"","address":""}},{"type":"Feature","geometry":{"type":"Point","coordinates":[-118.2741443,33.9312736]},"properties":{"id":"11370359320","name":"RHDM Fuel","brand":"","address":""}},{"type":"Feature","geometry":{"type":"Point","coordinates":[-118.3117442,34.0760828]},"properties":{"id":"11375852201","name":"Chevron","brand":"Chevron","address":""}},{"type":"Feature","geometry":{"type":"Point","coordinates":[-118.2649417,34.0027049]},"properties":{"id":"11383152846","name":"76","brand":"76","address":""}},{"type":"Feature","geometry":{"type":"Point","coordinates":[-118.2649452,33.9490751]},"properties":{"id":"11385037529","name":"Arco","brand":"Arco","address":""}},{"type":"Feature","geometry":{"type":"Point","coordinates":[-118.2654406,33.9337278]},"properties":{"id":"11385037557","name":"Sinclair","brand":"Sinclair","address":""}},{"type":"Feature","geometry":{"type":"Point","coordinates":[-118.2049907,33.9632097]},"properties":{"id":"11387910924","name":"arco","brand":"Arco","address":""}},{"type":"Feature","geometry":{"type":"Point","coordinates":[-118.2546357,33.9291811]},"properties":{"id":"11395424048","name":"Shell","brand":"Shell","address":""}},{"type":"Feature","geometry":{"type":"Point","coordinates":[-118.2507906,33.9292737]},"properties":{"id":"11395424060","name":"Chevron","brand":"Chevron","address":""}},{"type":"Feature","geometry":{"type":"Point","coordinates":[-118.2476957,33.959927]},"properties":{"id":"11399636858","name":"Shell","brand":"Shell","address":""}},{"type":"Feature","geometry":{"type":"Point","coordinates":[-118.2468448,33.9599362]},"properties":{"id":"11399636859","name":"Mobil","brand":"Mobil","address":""}},{"type":"Feature","geometry":{"type":"Point","coordinates":[-118.2465675,33.9239708]},"properties":{"id":"11399698404","name":"Shell","brand":"Shell","address":""}},{"type":"Feature","geometry":{"type":"Point","coordinates":[-118.24082,33.982261]},"properties":{"id":"11404935283","name":"Chevron","brand":"Chevron","address":""}},{"type":"Feature","geometry":{"type":"Point","coordinates":[-118.4446422,34.0196344]},"properties":{"id":"11537787369","name":"Sinclair","brand":"Sinclair","address":""}},{"type":"Feature","geometry":{"type":"Point","coordinates":[-118.2775874,34.1573136]},"properties":{"id":"11559121461","name":"Arco","brand":"Arco","address":""}},{"type":"Feature","geometry":{"type":"Point","coordinates":[-118.2997311,34.1610808]},"properties":{"id":"11586072834","name":"Chevron","brand":"Chevron","address":""}},{"type":"Feature","geometry":{"type":"Point","coordinates":[-118.3313365,33.974783]},"properties":{"id":"11655490506","name":"Arco","brand":"Arco","address":""}},{"type":"Feature","geometry":{"type":"Point","coordinates":[-118.3305013,33.9747937]},"properties":{"id":"11655490508","name":"Mobil","brand":"Mobil","address":""}},{"type":"Feature","geometry":{"type":"Point","coordinates":[-118.2841615,33.9748474]},"properties":{"id":"11655558081","name":"Valero","brand":"Valero","address":""}},{"type":"Feature","geometry":{"type":"Point","coordinates":[-118.484346,34.0138832]},"properties":{"id":"11657406062","name":"World Oil","brand":"","address":""}},{"type":"Feature","geometry":{"type":"Point","coordinates":[-118.2334963,33.9677415]},"properties":{"id":"11683506436","name":"Chevron","brand":"Chevron","address":""}},{"type":"Feature","geometry":{"type":"Point","coordinates":[-118.2334963,33.9672631]},"properties":{"id":"11683506437","name":"Sinclair","brand":"Sinclair","address":""}},{"type":"Feature","geometry":{"type":"Point","coordinates":[-118.2299531,33.9813957]},"properties":{"id":"11683930777","name":"Arco","brand":"Arco","address":""}},{"type":"Feature","geometry":{"type":"Point","coordinates":[-118.1680186,33.8186747]},"properties":{"id":"11686676600","name":"Mobil","brand":"Mobil","address":""}},{"type":"Feature","geometry":{"type":"Point","coordinates":[-118.4309378,34.1573699]},"properties":{"id":"11688423469","name":"V-Red","brand":"","address":"13650 Riverside Drive"}},{"type":"Feature","geometry":{"type":"Point","coordinates":[-118.2872942,33.9598359]},"properties":{"id":"11696479624","name":"EcoFuel","brand":"","address":""}},{"type":"Feature","geometry":{"type":"Point","coordinates":[-118.2867578,33.9603132]},"properties":{"id":"11696479638","name":"Sinclair","brand":"Sinclair","address":""}},{"type":"Feature","geometry":{"type":"Point","coordinates":[-118.2775061,33.9602728]},"properties":{"id":"11696479658","name":"Arco","brand":"Arco","address":""}},{"type":"Feature","geometry":{"type":"Point","coordinates":[-118.3289843,33.8360721]},"properties":{"id":"11703223062","name":"76","brand":"76","address":""}},{"type":"Feature","geometry":{"type":"Point","coordinates":[-118.2866917,33.945808]},"properties":{"id":"11736096999","name":"US Gasoline","brand":"","address":""}},{"type":"Feature","geometry":{"type":"Point","coordinates":[-118.2912728,33.9452084]},"properties":{"id":"11736097004","name":"7-Eleven","brand":"7-Eleven","address":""}},{"type":"Feature","geometry":{"type":"Point","coordinates":[-118.300609,33.9456576]},"properties":{"id":"11743187200","name":"Speedway Express","brand":"Speedway","address":""}},{"type":"Feature","geometry":{"type":"Point","coordinates":[-118.376712,33.9597013]},"properties":{"id":"11751805411","name":"76","brand":"76","address":""}},{"type":"Feature","geometry":{"type":"Point","coordinates":[-118.367813,33.9619366]},"properties":{"id":"11751805424","name":"76","brand":"76","address":""}},{"type":"Feature","geometry":{"type":"Point","coordinates":[-118.3479958,33.9452517]},"properties":{"id":"11752071054","name":"USA Gasoline","brand":"USA Gasoline","address":""}},{"type":"Feature","geometry":{"type":"Point","coordinates":[-118.3962496,34.1555195]},"properties":{"id":"11764102982","name":"76","brand":"76","address":""}},{"type":"Feature","geometry":{"type":"Point","coordinates":[-118.2656118,33.9162301]},"properties":{"id":"11811079902","name":"76","brand":"76","address":""}},{"type":"Feature","geometry":{"type":"Point","coordinates":[-118.2665523,33.861967]},"properties":{"id":"11815694717","name":"Thrifty","brand":"","address":""}},{"type":"Feature","geometry":{"type":"Point","coordinates":[-118.2541818,33.9167397]},"properties":{"id":"11815699090","name":"US Gasoline","brand":"","address":""}},{"type":"Feature","geometry":{"type":"Point","coordinates":[-118.2496607,33.8881356]},"properties":{"id":"11816066583","name":"Arco","brand":"Arco","address":""}},{"type":"Feature","geometry":{"type":"Point","coordinates":[-118.2490981,33.8723892]},"properties":{"id":"11816066620","name":"Chevron","brand":"Chevron","address":""}},{"type":"Feature","geometry":{"type":"Point","coordinates":[-118.2105516,34.057719]},"properties":{"id":"11823849624","name":"76","brand":"76","address":""}},{"type":"Feature","geometry":{"type":"Point","coordinates":[-118.2033583,34.0533635]},"properties":{"id":"11823849644","name":"Mobil","brand":"Mobil","address":""}},{"type":"Feature","geometry":{"type":"Point","coordinates":[-118.2036811,34.0527388]},"properties":{"id":"11823849645","name":"Sinclair","brand":"Sinclair","address":""}},{"type":"Feature","geometry":{"type":"Point","coordinates":[-118.2195251,34.0284286]},"properties":{"id":"11826914114","name":"76","brand":"76","address":""}},{"type":"Feature","geometry":{"type":"Point","coordinates":[-118.2195202,34.0237957]},"properties":{"id":"11826914122","name":"Shell","brand":"Shell","address":""}},{"type":"Feature","geometry":{"type":"Point","coordinates":[-118.2200348,34.0057516]},"properties":{"id":"11829768279","name":"Arco","brand":"Arco","address":""}},{"type":"Feature","geometry":{"type":"Point","coordinates":[-118.2256485,33.9894057]},"properties":{"id":"11829790870","name":"Speedway","brand":"Speedway","address":""}},{"type":"Feature","geometry":{"type":"Point","coordinates":[-118.2124457,33.9550698]},"properties":{"id":"11835156665","name":"76","brand":"76","address":""}},{"type":"Feature","geometry":{"type":"Point","coordinates":[-118.2119025,33.9544921]},"properties":{"id":"11835156668","name":"Chevron","brand":"Chevron","address":""}},{"type":"Feature","geometry":{"type":"Point","coordinates":[-118.2080998,33.9366111]},"properties":{"id":"11836552897","name":"Shell","brand":"Shell","address":""}},{"type":"Feature","geometry":{"type":"Point","coordinates":[-118.3783598,33.9711594]},"properties":{"id":"11845515508","name":"Shell","brand":"Shell","address":""}},{"type":"Feature","geometry":{"type":"Point","coordinates":[-118.2005112,34.043834]},"properties":{"id":"11848628114","name":"Arco","brand":"Arco","address":""}},{"type":"Feature","geometry":{"type":"Point","coordinates":[-118.1879382,34.0406715]},"properties":{"id":"11848628124","name":"USA Gasoline","brand":"USA Gasoline","address":"3541 Cesar E Chavez Avenue Los Angeles"}},{"type":"Feature","geometry":{"type":"Point","coordinates":[-118.2193063,34.042801]},"properties":{"id":"11849195199","name":"76","brand":"76","address":""}},{"type":"Feature","geometry":{"type":"Point","coordinates":[-118.2006453,34.027905]},"properties":{"id":"11868178677","name":"Arco","brand":"Arco","address":""}},{"type":"Feature","geometry":{"type":"Point","coordinates":[-118.220737,34.0250166]},"properties":{"id":"11870758259","name":"SC Fuel","brand":"","address":""}},{"type":"Feature","geometry":{"type":"Point","coordinates":[-118.218143,34.0231676]},"properties":{"id":"11873206686","name":"Arco","brand":"Arco","address":""}},{"type":"Feature","geometry":{"type":"Point","coordinates":[-118.2107614,34.0199621]},"properties":{"id":"11873206697","name":"Chevron","brand":"Chevron","address":""}},{"type":"Feature","geometry":{"type":"Point","coordinates":[-118.2086744,34.016651]},"properties":{"id":"11873331433","name":"Speedy Fuel","brand":"","address":""}},{"type":"Feature","geometry":{"type":"Point","coordinates":[-118.3619356,33.8372865]},"properties":{"id":"11875340990","name":"Sinclair","brand":"Sinclair","address":"4530 Torrance Boulevard"}},{"type":"Feature","geometry":{"type":"Point","coordinates":[-118.4316597,34.1796995]},"properties":{"id":"11937550869","name":"G&M","brand":"","address":"6003 Woodman Avenue"}},{"type":"Feature","geometry":{"type":"Point","coordinates":[-118.2544461,34.0814049]},"properties":{"id":"11970895212","name":"Chevron","brand":"Chevron","address":""}},{"type":"Feature","geometry":{"type":"Point","coordinates":[-118.2736628,33.9167332]},"properties":{"id":"11980210098","name":"Arco","brand":"Arco","address":""}},{"type":"Feature","geometry":{"type":"Point","coordinates":[-118.1743044,33.9690897]},"properties":{"id":"11980219030","name":"Gas Station","brand":"","address":""}},{"type":"Feature","geometry":{"type":"Point","coordinates":[-118.1781453,33.9695391]},"properties":{"id":"11980219037","name":"Gas Station","brand":"","address":""}},{"type":"Feature","geometry":{"type":"Point","coordinates":[-118.1774452,33.9695391]},"properties":{"id":"11980219038","name":"Gas Station","brand":"","address":""}},{"type":"Feature","geometry":{"type":"Point","coordinates":[-118.3086777,33.7519687]},"properties":{"id":"11980259938","name":"Gas Station","brand":"","address":""}},{"type":"Feature","geometry":{"type":"Point","coordinates":[-118.317423,33.7760272]},"properties":{"id":"11980259942","name":"Gas Station","brand":"","address":""}},{"type":"Feature","geometry":{"type":"Point","coordinates":[-118.3071971,33.7891345]},"properties":{"id":"11980259948","name":"Gas Station","brand":"","address":""}},{"type":"Feature","geometry":{"type":"Point","coordinates":[-118.2746901,33.7902614]},"properties":{"id":"11980259952","name":"Arco","brand":"Arco","address":""}},{"type":"Feature","geometry":{"type":"Point","coordinates":[-118.1809274,33.7824143]},"properties":{"id":"11989050673","name":"Speedway Express","brand":"","address":""}},{"type":"Feature","geometry":{"type":"Point","coordinates":[-118.3610393,33.976275]},"properties":{"id":"12001622818","name":"Gas Station","brand":"","address":""}},{"type":"Feature","geometry":{"type":"Point","coordinates":[-118.3316566,34.039524]},"properties":{"id":"12015197208","name":"Mobil","brand":"Mobil","address":"1925 Crenshaw Boulevard Los Angeles"}},{"type":"Feature","geometry":{"type":"Point","coordinates":[-118.5888682,34.2351326]},"properties":{"id":"12030194170","name":"Shell","brand":"Shell","address":"9061 De Soto Avenue Chatsworth"}},{"type":"Feature","geometry":{"type":"Point","coordinates":[-118.394583,33.9718964]},"properties":{"id":"12089917005","name":"Chevron","brand":"Chevron","address":""}},{"type":"Feature","geometry":{"type":"Point","coordinates":[-118.3953815,33.9714323]},"properties":{"id":"12089917006","name":"Mobil","brand":"Mobil","address":""}},{"type":"Feature","geometry":{"type":"Point","coordinates":[-118.4096654,33.9813668]},"properties":{"id":"12139022740","name":"Chevron","brand":"Chevron","address":""}},{"type":"Feature","geometry":{"type":"Point","coordinates":[-118.3966685,33.9268006]},"properties":{"id":"12141269647","name":"Mobil","brand":"Mobil","address":""}},{"type":"Feature","geometry":{"type":"Point","coordinates":[-118.3959983,33.926684]},"properties":{"id":"12141269648","name":"76","brand":"76","address":""}},{"type":"Feature","geometry":{"type":"Point","coordinates":[-118.3709938,33.977591]},"properties":{"id":"12195820878","name":"Mobil","brand":"Mobil","address":""}},{"type":"Feature","geometry":{"type":"Point","coordinates":[-118.3611207,33.8856935]},"properties":{"id":"12207884930","name":"Arco","brand":"Arco","address":""}},{"type":"Feature","geometry":{"type":"Point","coordinates":[-118.3341701,34.1564488]},"properties":{"id":"12378159544","name":"Shell","brand":"Shell","address":""}},{"type":"Feature","geometry":{"type":"Point","coordinates":[-118.343443,33.8719909]},"properties":{"id":"12394850236","name":"Chevron","brand":"Chevron","address":""}},{"type":"Feature","geometry":{"type":"Point","coordinates":[-118.353257,33.8378918]},"properties":{"id":"12421969204","name":"76","brand":"76","address":""}},{"type":"Feature","geometry":{"type":"Point","coordinates":[-118.3609593,33.9311642]},"properties":{"id":"12448333854","name":"Shell","brand":"Shell","address":""}},{"type":"Feature","geometry":{"type":"Point","coordinates":[-118.1680441,33.8466297]},"properties":{"id":"12497358354","name":"Shell","brand":"Shell","address":""}},{"type":"Feature","geometry":{"type":"Point","coordinates":[-118.1604023,34.0002305]},"properties":{"id":"12506445101","name":"7-Eleven","brand":"7-Eleven","address":"5536 East Washington Boulevard Commerce"}},{"type":"Feature","geometry":{"type":"Point","coordinates":[-118.344249,33.8774082]},"properties":{"id":"12616502008","name":"Speedway Express","brand":"Speedway","address":""}},{"type":"Feature","geometry":{"type":"Point","coordinates":[-118.3441143,33.8769621]},"properties":{"id":"12616502009","name":"76","brand":"76","address":""}},{"type":"Feature","geometry":{"type":"Point","coordinates":[-118.207643,33.8963312]},"properties":{"id":"12628466264","name":"Zy Oil","brand":"","address":""}},{"type":"Feature","geometry":{"type":"Point","coordinates":[-118.5102511,34.1937131]},"properties":{"id":"12628485664","name":"Chevron","brand":"Chevron","address":""}},{"type":"Feature","geometry":{"type":"Point","coordinates":[-118.2753444,33.7907129]},"properties":{"id":"12628546574","name":"Shell","brand":"Shell","address":""}},{"type":"Feature","geometry":{"type":"Point","coordinates":[-118.3724931,33.8985073]},"properties":{"id":"12671128586","name":"Costco Gasoline","brand":"Costco Gasoline","address":""}},{"type":"Feature","geometry":{"type":"Point","coordinates":[-118.3161973,33.8196702]},"properties":{"id":"12690165333","name":"Chevron","brand":"Chevron","address":""}},{"type":"Feature","geometry":{"type":"Point","coordinates":[-118.5363779,34.2204051]},"properties":{"id":"12696936352","name":"76","brand":"76","address":""}},{"type":"Feature","geometry":{"type":"Point","coordinates":[-118.3615533,33.8943239]},"properties":{"id":"12720772561","name":"Arco","brand":"Arco","address":""}},{"type":"Feature","geometry":{"type":"Point","coordinates":[-118.3087209,33.8725782]},"properties":{"id":"12788492483","name":"Chevron","brand":"Chevron","address":""}},{"type":"Feature","geometry":{"type":"Point","coordinates":[-118.3094571,33.8724845]},"properties":{"id":"12788492484","name":"Arco","brand":"Arco","address":""}},{"type":"Feature","geometry":{"type":"Point","coordinates":[-118.3455015,33.8253453]},"properties":{"id":"12800956535","name":"Chevron","brand":"Chevron","address":"3405 West Sepulveda Boulevard Torrance"}},{"type":"Feature","geometry":{"type":"Point","coordinates":[-118.3615854,33.8899371]},"properties":{"id":"12884580028","name":"G&M","brand":"","address":""}},{"type":"Feature","geometry":{"type":"Point","coordinates":[-118.3610586,33.8893697]},"properties":{"id":"12884596313","name":"Chevron","brand":"Chevron","address":"Inglewood Avenue"}},{"type":"Feature","geometry":{"type":"Point","coordinates":[-118.224685,33.8963196]},"properties":{"id":"12899718679","name":"Chevron","brand":"Chevron","address":""}},{"type":"Feature","geometry":{"type":"Point","coordinates":[-118.3094099,34.0529328]},"properties":{"id":"12903539418","name":"Gas Station","brand":"","address":""}},{"type":"Feature","geometry":{"type":"Point","coordinates":[-118.5015421,34.1941336]},"properties":{"id":"12917498317","name":"Shell","brand":"Shell","address":""}},{"type":"Feature","geometry":{"type":"Point","coordinates":[-118.3123432,33.722929]},"properties":{"id":"12943805598","name":"Mobil","brand":"Mobil","address":""}},{"type":"Feature","geometry":{"type":"Point","coordinates":[-118.6052541,34.1657113]},"properties":{"id":"13042285981","name":"Chevron","brand":"","address":""}},{"type":"Feature","geometry":{"type":"Point","coordinates":[-118.3088747,33.8658723]},"properties":{"id":"13064368893","name":"76","brand":"76","address":""}},{"type":"Feature","geometry":{"type":"Point","coordinates":[-118.367336,33.9021438]},"properties":{"id":"13123639784","name":"76","brand":"76","address":""}},{"type":"Feature","geometry":{"type":"Point","coordinates":[-118.200536,34.043984]},"properties":{"id":"13126617373","name":"Arco","brand":"Arco","address":""}},{"type":"Feature","geometry":{"type":"Point","coordinates":[-118.4403856,34.1719104]},"properties":{"id":"13158305159","name":"Chevron","brand":"Chevron","address":""}},{"type":"Feature","geometry":{"type":"Point","coordinates":[-118.3522628,33.9306876]},"properties":{"id":"13162250823","name":"Arco","brand":"Arco","address":""}},{"type":"Feature","geometry":{"type":"Point","coordinates":[-118.3111224,34.2594717]},"properties":{"id":"13255312647","name":"Pemex","brand":"Pemex","address":"8160 Foothill Boulevard Sunland"}},{"type":"Feature","geometry":{"type":"Point","coordinates":[-118.2500235,33.9599663]},"properties":{"id":"13255338117","name":"Pemex","brand":"","address":"1358 Firestone Boulevard Los Angeles"}},{"type":"Feature","geometry":{"type":"Point","coordinates":[-118.3067067,33.8316902]},"properties":{"id":"13272810201","name":"ARCO","brand":"","address":"1605 West Carson Street"}},{"type":"Feature","geometry":{"type":"Point","coordinates":[-118.2567141,34.1056484]},"properties":{"id":"13341926124","name":"Arco","brand":"Arco","address":""}},{"type":"Feature","geometry":{"type":"Point","coordinates":[-118.1582455,33.9669629]},"properties":{"id":"13343434306","name":"Shell","brand":"Shell","address":""}},{"type":"Feature","geometry":{"type":"Point","coordinates":[-118.3380928,33.9887717]},"properties":{"id":"13564510022","name":"Gas Station","brand":"","address":""}},{"type":"Feature","geometry":{"type":"Point","coordinates":[-118.3706333,34.150019]},"properties":{"id":"13566048498","name":"Gas Station","brand":"","address":""}},{"type":"Feature","geometry":{"type":"Point","coordinates":[-118.3547754,33.8255675]},"properties":{"id":"13610903481","name":"Arco","brand":"Arco","address":""}},{"type":"Feature","geometry":{"type":"Point","coordinates":[-118.417759,33.7763449]},"properties":{"id":"13709055433","name":"Duke's","brand":"","address":""}},{"type":"Feature","geometry":{"type":"Point","coordinates":[-118.432937,34.2269738]},"properties":{"id":"13747939542","name":"Speedway Express","brand":"Speedway","address":"8600 Woodman Avenue Arleta"}},{"type":"Feature","geometry":{"type":"Point","coordinates":[-118.4008599,34.0716656]},"properties":{"id":"31503457","name":"Jack Colker's 76","brand":"76","address":""}},{"type":"Feature","geometry":{"type":"Point","coordinates":[-118.3161093,34.2594446]},"properties":{"id":"31584287","name":"Shell","brand":"Shell","address":""}},{"type":"Feature","geometry":{"type":"Point","coordinates":[-118.318223,34.2600238]},"properties":{"id":"31584331","name":"Mobil","brand":"Mobil","address":""}},{"type":"Feature","geometry":{"type":"Point","coordinates":[-118.3197014,34.2594804]},"properties":{"id":"31646404","name":"76","brand":"76","address":""}},{"type":"Feature","geometry":{"type":"Point","coordinates":[-118.299374,34.2562536]},"properties":{"id":"31697391","name":"Shell","brand":"Shell","address":""}},{"type":"Feature","geometry":{"type":"Point","coordinates":[-118.1500646,34.1492668]},"properties":{"id":"32824852","name":"Shell","brand":"Shell","address":""}},{"type":"Feature","geometry":{"type":"Point","coordinates":[-118.4133807,34.1573411]},"properties":{"id":"66519386","name":"Chevron","brand":"Chevron","address":"12860 Riverside Drive"}},{"type":"Feature","geometry":{"type":"Point","coordinates":[-118.3238596,34.1561533]},"properties":{"id":"83411869","name":"Service Station","brand":"","address":""}},{"type":"Feature","geometry":{"type":"Point","coordinates":[-118.2642612,33.8472146]},"properties":{"id":"107756232","name":"Chevron","brand":"Chevron","address":""}},{"type":"Feature","geometry":{"type":"Point","coordinates":[-118.3480749,33.9607227]},"properties":{"id":"131545199","name":"Vons Fuel Station","brand":"Vons","address":"500 East Manchester Boulevard"}},{"type":"Feature","geometry":{"type":"Point","coordinates":[-118.5969613,34.179657]},"properties":{"id":"133574231","name":"Gas Station","brand":"","address":""}},{"type":"Feature","geometry":{"type":"Point","coordinates":[-118.3789753,33.9705702]},"properties":{"id":"169393551","name":"Gas Station","brand":"","address":""}},{"type":"Feature","geometry":{"type":"Point","coordinates":[-118.3401855,34.1545574]},"properties":{"id":"172461483","name":"Gas Station","brand":"","address":""}},{"type":"Feature","geometry":{"type":"Point","coordinates":[-118.4485674,34.063396]},"properties":{"id":"184710629","name":"Chevron","brand":"Chevron","address":""}},{"type":"Feature","geometry":{"type":"Point","coordinates":[-118.3296353,33.9458408]},"properties":{"id":"226827390","name":"7-Eleven","brand":"7-Eleven","address":""}},{"type":"Feature","geometry":{"type":"Point","coordinates":[-118.3402987,33.8238918]},"properties":{"id":"259531249","name":"Mobil","brand":"Mobil","address":""}},{"type":"Feature","geometry":{"type":"Point","coordinates":[-118.2911496,33.7912152]},"properties":{"id":"259785292","name":"Gas Station","brand":"","address":""}},{"type":"Feature","geometry":{"type":"Point","coordinates":[-118.3279848,34.0447561]},"properties":{"id":"263169823","name":"Arco","brand":"Arco","address":""}},{"type":"Feature","geometry":{"type":"Point","coordinates":[-118.3504379,34.0328637]},"properties":{"id":"263169828","name":"Chevron","brand":"Chevron","address":""}},{"type":"Feature","geometry":{"type":"Point","coordinates":[-118.3498548,34.0356418]},"properties":{"id":"263169842","name":"Valero","brand":"Valero","address":""}},{"type":"Feature","geometry":{"type":"Point","coordinates":[-118.3455087,34.0464087]},"properties":{"id":"263169890","name":"Sinclair","brand":"Sinclair","address":""}},{"type":"Feature","geometry":{"type":"Point","coordinates":[-118.3234744,34.0544258]},"properties":{"id":"264105138","name":"Eco Fuel","brand":"","address":""}},{"type":"Feature","geometry":{"type":"Point","coordinates":[-118.4377744,34.0499448]},"properties":{"id":"265213640","name":"Chevron","brand":"Chevron","address":""}},{"type":"Feature","geometry":{"type":"Point","coordinates":[-118.3765393,34.0531057]},"properties":{"id":"265224051","name":"Shell","brand":"Shell","address":""}},{"type":"Feature","geometry":{"type":"Point","coordinates":[-118.3442007,34.0482229]},"properties":{"id":"265895134","name":"United Oil","brand":"","address":""}},{"type":"Feature","geometry":{"type":"Point","coordinates":[-118.3270844,34.0911113]},"properties":{"id":"265895149","name":"Mobil","brand":"Mobil","address":""}},{"type":"Feature","geometry":{"type":"Point","coordinates":[-118.5027602,34.2578724]},"properties":{"id":"276916322","name":"Chevron","brand":"Chevron","address":""}},{"type":"Feature","geometry":{"type":"Point","coordinates":[-118.3857414,33.8385316]},"properties":{"id":"285842377","name":"76","brand":"76","address":""}},{"type":"Feature","geometry":{"type":"Point","coordinates":[-118.1853003,33.8048213]},"properties":{"id":"297560323","name":"Mobil","brand":"Mobil","address":""}},{"type":"Feature","geometry":{"type":"Point","coordinates":[-118.1680076,33.8040642]},"properties":{"id":"297560335","name":"Chevron","brand":"Chevron","address":""}},{"type":"Feature","geometry":{"type":"Point","coordinates":[-118.151025,33.8744722]},"properties":{"id":"303513402","name":"Gas Station","brand":"","address":""}},{"type":"Feature","geometry":{"type":"Point","coordinates":[-118.5023721,34.2208186]},"properties":{"id":"303883930","name":"Mobil","brand":"Mobil","address":"16930 Roscoe Boulevard Van Nuys"}},{"type":"Feature","geometry":{"type":"Point","coordinates":[-118.3791131,33.8876571]},"properties":{"id":"308498490","name":"Mobil","brand":"Mobil","address":""}},{"type":"Feature","geometry":{"type":"Point","coordinates":[-118.360771,33.9015811]},"properties":{"id":"308533280","name":"Shell","brand":"Shell","address":""}},{"type":"Feature","geometry":{"type":"Point","coordinates":[-118.3698897,34.1942638]},"properties":{"id":"312206757","name":"Arco","brand":"Arco","address":""}},{"type":"Feature","geometry":{"type":"Point","coordinates":[-118.4673789,34.2216914]},"properties":{"id":"314086277","name":"Gas Station","brand":"","address":"North Hills"}},{"type":"Feature","geometry":{"type":"Point","coordinates":[-118.3968735,34.1579782]},"properties":{"id":"314628145","name":"Mobil","brand":"Mobil","address":"4801 Laurel Canyon Boulevard North Hollywood"}},{"type":"Feature","geometry":{"type":"Point","coordinates":[-118.4746121,34.200866]},"properties":{"id":"314630353","name":"76","brand":"76","address":"15650 Sherman Way Van Nuys"}},{"type":"Feature","geometry":{"type":"Point","coordinates":[-118.4155971,34.1863747]},"properties":{"id":"317269984","name":"Chevron","brand":"Chevron","address":""}},{"type":"Feature","geometry":{"type":"Point","coordinates":[-118.474588,34.221167]},"properties":{"id":"317746333","name":"Chevron","brand":"Chevron","address":""}},{"type":"Feature","geometry":{"type":"Point","coordinates":[-118.3961529,34.1646205]},"properties":{"id":"318411102","name":"Arco","brand":"Arco","address":""}},{"type":"Feature","geometry":{"type":"Point","coordinates":[-118.4578302,34.1869755]},"properties":{"id":"319018908","name":"Arco","brand":"Arco","address":""}},{"type":"Feature","geometry":{"type":"Point","coordinates":[-118.4483652,34.1504509]},"properties":{"id":"320743767","name":"76","brand":"76","address":"4715 Van Nuys Boulevard Sherman Oaks"}},{"type":"Feature","geometry":{"type":"Point","coordinates":[-118.4483293,34.2137785]},"properties":{"id":"321558045","name":"Gas Station","brand":"","address":""}},{"type":"Feature","geometry":{"type":"Point","coordinates":[-118.4482401,34.1717887]},"properties":{"id":"321776481","name":"Mobil","brand":"Mobil","address":""}},{"type":"Feature","geometry":{"type":"Point","coordinates":[-118.4141039,34.1651452]},"properties":{"id":"336754594","name":"76","brand":"76","address":""}},{"type":"Feature","geometry":{"type":"Point","coordinates":[-118.4490373,34.1521837]},"properties":{"id":"339856270","name":"Shell","brand":"Shell","address":"4441 Van Nuys Boulevard Sherman Oaks"}},{"type":"Feature","geometry":{"type":"Point","coordinates":[-118.1803527,33.9314489]},"properties":{"id":"346769561","name":"Arco","brand":"Arco","address":"5201 Imperial Highway South Gate"}},{"type":"Feature","geometry":{"type":"Point","coordinates":[-118.1594869,33.8475391]},"properties":{"id":"350265220","name":"Arco","brand":"Arco","address":""}},{"type":"Feature","geometry":{"type":"Point","coordinates":[-118.1520502,33.7823972]},"properties":{"id":"350369877","name":"Mobil","brand":"Mobil","address":""}},{"type":"Feature","geometry":{"type":"Point","coordinates":[-118.4135611,34.1454489]},"properties":{"id":"351003953","name":"76","brand":"","address":""}},{"type":"Feature","geometry":{"type":"Point","coordinates":[-118.1819668,33.7688468]},"properties":{"id":"351221072","name":"Chevron","brand":"Chevron","address":"200 Alamitos Avenue Long Beach"}},{"type":"Feature","geometry":{"type":"Point","coordinates":[-118.2535205,34.2322006]},"properties":{"id":"366050053","name":"Gas Station 76","brand":"","address":""}},{"type":"Feature","geometry":{"type":"Point","coordinates":[-118.2460832,34.2276797]},"properties":{"id":"366224083","name":"Shell","brand":"Shell","address":""}},{"type":"Feature","geometry":{"type":"Point","coordinates":[-118.2372675,34.2222191]},"properties":{"id":"369269209","name":"Valero","brand":"Valero","address":""}},{"type":"Feature","geometry":{"type":"Point","coordinates":[-118.2785667,34.2476581]},"properties":{"id":"369272996","name":"Chevron","brand":"Chevron","address":""}},{"type":"Feature","geometry":{"type":"Point","coordinates":[-118.336021,34.0904209]},"properties":{"id":"372855718","name":"76","brand":"76","address":""}},{"type":"Feature","geometry":{"type":"Point","coordinates":[-118.3838849,34.0519233]},"properties":{"id":"390266878","name":"Mobil","brand":"Mobil","address":""}},{"type":"Feature","geometry":{"type":"Point","coordinates":[-118.3858178,34.0486055]},"properties":{"id":"390877007","name":"76","brand":"76","address":""}},{"type":"Feature","geometry":{"type":"Point","coordinates":[-118.3832987,34.0591602]},"properties":{"id":"390985939","name":"Speedway","brand":"Speedway","address":""}},{"type":"Feature","geometry":{"type":"Point","coordinates":[-118.4206971,34.0439176]},"properties":{"id":"391064549","name":"Shell","brand":"Shell","address":""}},{"type":"Feature","geometry":{"type":"Point","coordinates":[-118.4695496,34.0782863]},"properties":{"id":"391171711","name":"76","brand":"76","address":"800"}},{"type":"Feature","geometry":{"type":"Point","coordinates":[-118.4159659,34.0310934]},"properties":{"id":"392714452","name":"Mobil","brand":"Mobil","address":""}},{"type":"Feature","geometry":{"type":"Point","coordinates":[-118.1854512,33.8363985]},"properties":{"id":"397759351","name":"Arco","brand":"Arco","address":""}},{"type":"Feature","geometry":{"type":"Point","coordinates":[-118.453462,34.0327306]},"properties":{"id":"399539416","name":"Chevron","brand":"Chevron","address":""}},{"type":"Feature","geometry":{"type":"Point","coordinates":[-118.3094215,34.0577795]},"properties":{"id":"401906095","name":"Gas Station","brand":"","address":""}},{"type":"Feature","geometry":{"type":"Point","coordinates":[-118.4596815,34.3243015]},"properties":{"id":"402325002","name":"Shell","brand":"Shell","address":"15000 Olive View Drive Sylmar"}},{"type":"Feature","geometry":{"type":"Point","coordinates":[-118.193394,33.7896067]},"properties":{"id":"403097132","name":"Arco","brand":"Arco","address":""}},{"type":"Feature","geometry":{"type":"Point","coordinates":[-118.2999523,33.9743156]},"properties":{"id":"407312163","name":"76","brand":"76","address":""}},{"type":"Feature","geometry":{"type":"Point","coordinates":[-118.4072609,33.7491462]},"properties":{"id":"407323710","name":"7-Eleven","brand":"7-Eleven","address":"31186 Hawthorne Boulevard Rancho Palos Verdes"}},{"type":"Feature","geometry":{"type":"Point","coordinates":[-118.2913232,33.9015091]},"properties":{"id":"407327581","name":"Chevron","brand":"Chevron","address":""}},{"type":"Feature","geometry":{"type":"Point","coordinates":[-118.2715055,33.8717836]},"properties":{"id":"407378920","name":"Arco","brand":"Arco","address":"241 East Albertoni Street Carson"}},{"type":"Feature","geometry":{"type":"Point","coordinates":[-118.2919098,34.0104929]},"properties":{"id":"407381820","name":"Metro Gas","brand":"","address":""}},{"type":"Feature","geometry":{"type":"Point","coordinates":[-118.2920173,33.7421794]},"properties":{"id":"407401378","name":"76","brand":"76","address":"210 South Gaffey Street San Pedro"}},{"type":"Feature","geometry":{"type":"Point","coordinates":[-118.3005218,34.0106406]},"properties":{"id":"407628244","name":"Gas Station","brand":"","address":""}},{"type":"Feature","geometry":{"type":"Point","coordinates":[-118.2988846,33.891508]},"properties":{"id":"407641890","name":"Vons 1625 Fuel Station","brand":"Vons","address":"1260 West Redondo Beach Blvd."}},{"type":"Feature","geometry":{"type":"Point","coordinates":[-118.3397845,34.1460658]},"properties":{"id":"408048470","name":"63","brand":"","address":""}},{"type":"Feature","geometry":{"type":"Point","coordinates":[-118.2636875,33.8080104]},"properties":{"id":"408363020","name":"USA gas","brand":"","address":""}},{"type":"Feature","geometry":{"type":"Point","coordinates":[-118.2727712,33.8076313]},"properties":{"id":"408370722","name":"USA gas","brand":"","address":""}},{"type":"Feature","geometry":{"type":"Point","coordinates":[-118.2415542,33.8250777]},"properties":{"id":"408790363","name":"Gas Station","brand":"","address":""}},{"type":"Feature","geometry":{"type":"Point","coordinates":[-118.2895867,33.8415948]},"properties":{"id":"408804038","name":"Alpine Mobil","brand":"Mobil","address":""}},{"type":"Feature","geometry":{"type":"Point","coordinates":[-118.342336,34.0146804]},"properties":{"id":"408847157","name":"Valero","brand":"Valero","address":""}},{"type":"Feature","geometry":{"type":"Point","coordinates":[-118.287224,33.8422654]},"properties":{"id":"409181069","name":"Propel Fuels","brand":"","address":""}},{"type":"Feature","geometry":{"type":"Point","coordinates":[-118.3085803,34.0033774]},"properties":{"id":"411420059","name":"Chevron","brand":"Chevron","address":""}},{"type":"Feature","geometry":{"type":"Point","coordinates":[-118.2407338,33.9889897]},"properties":{"id":"411638137","name":"7-Eleven","brand":"7-Eleven","address":""}},{"type":"Feature","geometry":{"type":"Point","coordinates":[-118.3581559,33.9882081]},"properties":{"id":"412293591","name":"Gas Station","brand":"","address":""}},{"type":"Feature","geometry":{"type":"Point","coordinates":[-118.3589285,33.9881589]},"properties":{"id":"412293686","name":"United Oil","brand":"","address":"4700 West Slauson Avenue"}},{"type":"Feature","geometry":{"type":"Point","coordinates":[-118.4377571,33.9853049]},"properties":{"id":"414036034","name":"Speedway Express","brand":"Speedway","address":""}},{"type":"Feature","geometry":{"type":"Point","coordinates":[-118.4390407,33.9810388]},"properties":{"id":"414036071","name":"Chevron","brand":"Chevron","address":""}},{"type":"Feature","geometry":{"type":"Point","coordinates":[-118.5789982,34.0405362]},"properties":{"id":"414610417","name":"7-Eleven","brand":"7-Eleven","address":""}},{"type":"Feature","geometry":{"type":"Point","coordinates":[-118.2645299,33.8085289]},"properties":{"id":"414886693","name":"Valero","brand":"Valero","address":""}},{"type":"Feature","geometry":{"type":"Point","coordinates":[-118.3961351,34.1718643]},"properties":{"id":"414913450","name":"76","brand":"76","address":""}},{"type":"Feature","geometry":{"type":"Point","coordinates":[-118.3482647,34.2108729]},"properties":{"id":"415101014","name":"Shell","brand":"Shell","address":"7710 North Hollywood Way"}},{"type":"Feature","geometry":{"type":"Point","coordinates":[-118.3828926,33.9596009]},"properties":{"id":"415373983","name":"Gas Station","brand":"","address":""}},{"type":"Feature","geometry":{"type":"Point","coordinates":[-118.1520115,33.7755749]},"properties":{"id":"415433366","name":"Chevron","brand":"Chevron","address":""}},{"type":"Feature","geometry":{"type":"Point","coordinates":[-118.1522234,33.7757024]},"properties":{"id":"415433376","name":"Gas Station","brand":"","address":""}},{"type":"Feature","geometry":{"type":"Point","coordinates":[-118.1690484,33.8749616]},"properties":{"id":"416528778","name":"Mobil","brand":"Mobil","address":"East Artesia Boulevard"}},{"type":"Feature","geometry":{"type":"Point","coordinates":[-118.1657082,33.8040466]},"properties":{"id":"418106062","name":"Costco Gasoline","brand":"Costco Gasoline","address":""}},{"type":"Feature","geometry":{"type":"Point","coordinates":[-118.2920037,34.0774327]},"properties":{"id":"419823640","name":"Gas Station","brand":"","address":""}},{"type":"Feature","geometry":{"type":"Point","coordinates":[-118.3705346,33.9613018]},"properties":{"id":"420318331","name":"Shell","brand":"Shell","address":""}},{"type":"Feature","geometry":{"type":"Point","coordinates":[-118.5181233,34.0276434]},"properties":{"id":"420440489","name":"Chevron","brand":"Chevron","address":"14791 Pacific Coast Highway Los Angeles"}},{"type":"Feature","geometry":{"type":"Point","coordinates":[-118.4047407,33.9595282]},"properties":{"id":"420984283","name":"Mobil","brand":"Mobil","address":"6600 West Manchester Avenue Los Angeles"}},{"type":"Feature","geometry":{"type":"Point","coordinates":[-118.3095493,34.0765793]},"properties":{"id":"420989817","name":"Mobil","brand":"Mobil","address":""}},{"type":"Feature","geometry":{"type":"Point","coordinates":[-118.3965601,33.9602134]},"properties":{"id":"421228139","name":"76","brand":"76","address":""}},{"type":"Feature","geometry":{"type":"Point","coordinates":[-118.4452762,33.9920821]},"properties":{"id":"421437950","name":"Costco Gasoline","brand":"Costco Gasoline","address":""}},{"type":"Feature","geometry":{"type":"Point","coordinates":[-118.3917619,33.9601258]},"properties":{"id":"421571109","name":"Gas Station","brand":"","address":""}},{"type":"Feature","geometry":{"type":"Point","coordinates":[-118.3094694,34.0832474]},"properties":{"id":"421670276","name":"Arco","brand":"Arco","address":""}},{"type":"Feature","geometry":{"type":"Point","coordinates":[-118.3867217,33.9775732]},"properties":{"id":"421839328","name":"Chevron","brand":"Chevron","address":"Centinela Ave"}},{"type":"Feature","geometry":{"type":"Point","coordinates":[-118.3956986,33.9883092]},"properties":{"id":"421953282","name":"Arco","brand":"Arco","address":""}},{"type":"Feature","geometry":{"type":"Point","coordinates":[-118.3248548,34.1050525]},"properties":{"id":"422140111","name":"Mobil","brand":"Mobil","address":""}},{"type":"Feature","geometry":{"type":"Point","coordinates":[-118.4688815,34.0776767]},"properties":{"id":"422431599","name":"Chevron","brand":"Chevron","address":""}},{"type":"Feature","geometry":{"type":"Point","coordinates":[-118.4246708,34.0422921]},"properties":{"id":"422441217","name":"76","brand":"76","address":""}},{"type":"Feature","geometry":{"type":"Point","coordinates":[-118.47428,34.0522131]},"properties":{"id":"422494810","name":"Positiv Energy","brand":"","address":""}},{"type":"Feature","geometry":{"type":"Point","coordinates":[-118.4530865,34.0322539]},"properties":{"id":"422498587","name":"Sinclair","brand":"Sinclair","address":""}},{"type":"Feature","geometry":{"type":"Point","coordinates":[-118.4456976,34.0320047]},"properties":{"id":"422498632","name":"76","brand":"76","address":""}},{"type":"Feature","geometry":{"type":"Point","coordinates":[-118.2987497,34.0692209]},"properties":{"id":"423537417","name":"Chevron","brand":"Chevron","address":"3817 West 3rd Street Los Angeles"}},{"type":"Feature","geometry":{"type":"Point","coordinates":[-118.6045917,34.2358701]},"properties":{"id":"424702685","name":"Arco","brand":"Arco","address":""}},{"type":"Feature","geometry":{"type":"Point","coordinates":[-118.420831,34.0309097]},"properties":{"id":"424858849","name":"Chevron","brand":"Chevron","address":""}},{"type":"Feature","geometry":{"type":"Point","coordinates":[-118.3995263,34.0594899]},"properties":{"id":"425165336","name":"Chevron","brand":"Chevron","address":"9460 West Olympic Boulevard Beverly Hills"}},{"type":"Feature","geometry":{"type":"Point","coordinates":[-118.4351839,34.0505606]},"properties":{"id":"425418028","name":"Speedway Express","brand":"Speedway","address":"10801 Santa Monica Boulevard Los Angeles"}},{"type":"Feature","geometry":{"type":"Point","coordinates":[-118.3087508,34.0692434]},"properties":{"id":"425609179","name":"Shell","brand":"Shell","address":""}},{"type":"Feature","geometry":{"type":"Point","coordinates":[-118.3619377,34.098364]},"properties":{"id":"425665042","name":"Arco","brand":"Arco","address":"7901 Sunset Boulevard Los Angeles"}},{"type":"Feature","geometry":{"type":"Point","coordinates":[-118.2579341,34.0275655]},"properties":{"id":"426619637","name":"Chevron","brand":"Chevron","address":""}},{"type":"Feature","geometry":{"type":"Point","coordinates":[-118.291354,34.1108311]},"properties":{"id":"426654615","name":"Chevron","brand":"Chevron","address":""}},{"type":"Feature","geometry":{"type":"Point","coordinates":[-118.2918274,34.0330313]},"properties":{"id":"427265683","name":"Gas Station","brand":"","address":""}},{"type":"Feature","geometry":{"type":"Point","coordinates":[-118.2188129,34.0283218]},"properties":{"id":"427499958","name":"Mobil","brand":"Mobil","address":"1166 S Soto Street los angeles"}},{"type":"Feature","geometry":{"type":"Point","coordinates":[-118.2463544,34.1149881]},"properties":{"id":"427532584","name":"Fletcher Chevron","brand":"Chevron","address":"3100 North San Fernando Road Los Angeles"}},{"type":"Feature","geometry":{"type":"Point","coordinates":[-118.2377441,34.0411888]},"properties":{"id":"427628951","name":"Valero","brand":"Valero","address":""}},{"type":"Feature","geometry":{"type":"Point","coordinates":[-118.2489701,34.0268357]},"properties":{"id":"428152657","name":"Shell","brand":"Shell","address":""}},{"type":"Feature","geometry":{"type":"Point","coordinates":[-118.2390826,34.0202476]},"properties":{"id":"428414373","name":"Mobil","brand":"Mobil","address":"1690 South Alameda Street Los Angeles"}},{"type":"Feature","geometry":{"type":"Point","coordinates":[-118.2289156,34.1206103]},"properties":{"id":"428435978","name":"Chevron","brand":"Chevron","address":""}},{"type":"Feature","geometry":{"type":"Point","coordinates":[-118.2918863,34.0475202]},"properties":{"id":"428633218","name":"76","brand":"76","address":""}},{"type":"Feature","geometry":{"type":"Point","coordinates":[-118.2315087,34.1247883]},"properties":{"id":"428639033","name":"Gas Station","brand":"","address":""}},{"type":"Feature","geometry":{"type":"Point","coordinates":[-118.2321792,34.1252583]},"properties":{"id":"428643864","name":"Arco","brand":"Arco","address":""}},{"type":"Feature","geometry":{"type":"Point","coordinates":[-118.3653714,34.098277]},"properties":{"id":"428854376","name":"Chevron","brand":"Chevron","address":""}},{"type":"Feature","geometry":{"type":"Point","coordinates":[-118.2079601,34.0958157]},"properties":{"id":"429153131","name":"PetrolX","brand":"","address":""}},{"type":"Feature","geometry":{"type":"Point","coordinates":[-118.2285443,34.14549]},"properties":{"id":"429230695","name":"Gas Station","brand":"","address":""}},{"type":"Feature","geometry":{"type":"Point","coordinates":[-118.1888416,34.0208686]},"properties":{"id":"429313966","name":"Sinclair","brand":"Sinclair","address":""}},{"type":"Feature","geometry":{"type":"Point","coordinates":[-118.1890478,34.0209912]},"properties":{"id":"429313971","name":"Sinclair","brand":"Sinclair","address":""}},{"type":"Feature","geometry":{"type":"Point","coordinates":[-118.233828,34.1351801]},"properties":{"id":"429319249","name":"Gas Station","brand":"","address":""}},{"type":"Feature","geometry":{"type":"Point","coordinates":[-118.3639991,34.0584402]},"properties":{"id":"429345160","name":"Shell","brand":"Shell","address":""}},{"type":"Feature","geometry":{"type":"Point","coordinates":[-118.3717482,34.0279909]},"properties":{"id":"429348839","name":"Chevron","brand":"Chevron","address":""}},{"type":"Feature","geometry":{"type":"Point","coordinates":[-118.3882946,34.1870214]},"properties":{"id":"429583619","name":"Sinclair","brand":"Sinclair","address":""}},{"type":"Feature","geometry":{"type":"Point","coordinates":[-118.5043091,34.3379385]},"properties":{"id":"429598824","name":"Richfield Gas Station (Historic)","brand":"","address":""}},{"type":"Feature","geometry":{"type":"Point","coordinates":[-118.4840013,34.2016233]},"properties":{"id":"429607885","name":"Gas Station","brand":"","address":""}},{"type":"Feature","geometry":{"type":"Point","coordinates":[-118.4839634,34.2014239]},"properties":{"id":"429608205","name":"Gas Station","brand":"","address":""}},{"type":"Feature","geometry":{"type":"Point","coordinates":[-118.5357929,34.2159695]},"properties":{"id":"429683163","name":"Chevron","brand":"Chevron","address":""}},{"type":"Feature","geometry":{"type":"Point","coordinates":[-118.4658237,34.2015814]},"properties":{"id":"429799122","name":"Chevron","brand":"Chevron","address":"15255 Sherman Way Van Nuys"}},{"type":"Feature","geometry":{"type":"Point","coordinates":[-118.466701,34.2015734]},"properties":{"id":"429802641","name":"Gas Station","brand":"","address":""}},{"type":"Feature","geometry":{"type":"Point","coordinates":[-118.4664895,34.208126]},"properties":{"id":"429803564","name":"Gas Station","brand":"","address":""}},{"type":"Feature","geometry":{"type":"Point","coordinates":[-118.4990804,34.1590936]},"properties":{"id":"429824591","name":"Gas Station","brand":"","address":"16801 Ventura Boulevard"}},{"type":"Feature","geometry":{"type":"Point","coordinates":[-118.361874,34.1651417]},"properties":{"id":"429825883","name":"Gas Station","brand":"","address":""}},{"type":"Feature","geometry":{"type":"Point","coordinates":[-118.3627274,34.1370035]},"properties":{"id":"429855856","name":"Chevron","brand":"Chevron","address":""}},{"type":"Feature","geometry":{"type":"Point","coordinates":[-118.3968191,34.1499142]},"properties":{"id":"429877684","name":"Mobil","brand":"Mobil","address":""}},{"type":"Feature","geometry":{"type":"Point","coordinates":[-118.5189646,34.2014365]},"properties":{"id":"430318489","name":"Shell","brand":"Shell","address":""}},{"type":"Feature","geometry":{"type":"Point","coordinates":[-118.5189771,34.2016227]},"properties":{"id":"430318985","name":"Shell","brand":"Shell","address":""}},{"type":"Feature","geometry":{"type":"Point","coordinates":[-118.5270383,34.2081876]},"properties":{"id":"430329023","name":"Mobil","brand":"Mobil","address":""}},{"type":"Feature","geometry":{"type":"Point","coordinates":[-118.5356543,34.201467]},"properties":{"id":"430329903","name":"76","brand":"76","address":""}},{"type":"Feature","geometry":{"type":"Point","coordinates":[-118.4691491,34.2793176]},"properties":{"id":"430343009","name":"Gas Station","brand":"","address":""}},{"type":"Feature","geometry":{"type":"Point","coordinates":[-118.4691553,34.2796107]},"properties":{"id":"430343104","name":"Gas Station","brand":"","address":""}},{"type":"Feature","geometry":{"type":"Point","coordinates":[-118.5364362,34.1941222]},"properties":{"id":"430471131","name":"Shell","brand":"Shell","address":""}},{"type":"Feature","geometry":{"type":"Point","coordinates":[-118.5355233,34.193689]},"properties":{"id":"430482533","name":"7-Eleven","brand":"7-Eleven","address":""}},{"type":"Feature","geometry":{"type":"Point","coordinates":[-118.5269878,34.2351698]},"properties":{"id":"430501956","name":"Gas Station","brand":"","address":""}},{"type":"Feature","geometry":{"type":"Point","coordinates":[-118.5022955,34.2361183]},"properties":{"id":"430505005","name":"Chevron","brand":"Chevron","address":""}},{"type":"Feature","geometry":{"type":"Point","coordinates":[-118.5095216,34.2213857]},"properties":{"id":"430516200","name":"76","brand":"76","address":"17255 Roscoe Boulevard Northridge"}},{"type":"Feature","geometry":{"type":"Point","coordinates":[-118.4707887,34.278866]},"properties":{"id":"430519665","name":"Gas Station","brand":"","address":""}},{"type":"Feature","geometry":{"type":"Point","coordinates":[-118.470732,34.2787065]},"properties":{"id":"430519689","name":"Gas Station","brand":"","address":""}},{"type":"Feature","geometry":{"type":"Point","coordinates":[-118.4316364,34.1795547]},"properties":{"id":"430527371","name":"Gas Station","brand":"","address":""}},{"type":"Feature","geometry":{"type":"Point","coordinates":[-118.4315084,34.179682]},"properties":{"id":"430527407","name":"Gas Station","brand":"","address":""}},{"type":"Feature","geometry":{"type":"Point","coordinates":[-118.4316568,34.1796985]},"properties":{"id":"430527535","name":"Gas Station","brand":"","address":""}},{"type":"Feature","geometry":{"type":"Point","coordinates":[-118.4855405,34.2280492]},"properties":{"id":"430529678","name":"Food 4 Less Gas Station","brand":"Food 4 Less","address":"16208 Parthenia Street North Hills"}},{"type":"Feature","geometry":{"type":"Point","coordinates":[-118.6127886,34.1465783]},"properties":{"id":"430563691","name":"Gas Station","brand":"","address":""}},{"type":"Feature","geometry":{"type":"Point","coordinates":[-118.6125998,34.1466135]},"properties":{"id":"430563866","name":"Gas Station","brand":"","address":""}},{"type":"Feature","geometry":{"type":"Point","coordinates":[-118.509529,34.208698]},"properties":{"id":"430589125","name":"Ralphs Gas Station","brand":"Ralphs","address":""}},{"type":"Feature","geometry":{"type":"Point","coordinates":[-118.4570748,34.1718363]},"properties":{"id":"430593733","name":"Chevron","brand":"Chevron","address":"14850 Burbank Boulevard Sherman Oaks"}},{"type":"Feature","geometry":{"type":"Point","coordinates":[-118.500815,34.2014657]},"properties":{"id":"430679756","name":"Speedway","brand":"Speedway","address":""}},{"type":"Feature","geometry":{"type":"Point","coordinates":[-118.5006345,34.2016701]},"properties":{"id":"430679783","name":"Speedway","brand":"Speedway","address":""}},{"type":"Feature","geometry":{"type":"Point","coordinates":[-118.5007427,34.2016074]},"properties":{"id":"430679878","name":"Speedway","brand":"Speedway","address":""}},{"type":"Feature","geometry":{"type":"Point","coordinates":[-118.4845861,34.2571339]},"properties":{"id":"430682865","name":"Gas Station","brand":"","address":""}},{"type":"Feature","geometry":{"type":"Point","coordinates":[-118.4700028,34.2570993]},"properties":{"id":"430688218","name":"Arco","brand":"Arco","address":"15508 Devonshire Street Mission Hills"}},{"type":"Feature","geometry":{"type":"Point","coordinates":[-118.4677147,34.2570218]},"properties":{"id":"430688243","name":"Sinclair","brand":"Sinclair","address":"10259 Sepulveda Boulevard Mission Hills"}},{"type":"Feature","geometry":{"type":"Point","coordinates":[-118.5538705,34.2080958]},"properties":{"id":"430692185","name":"ARCO","brand":"","address":""}},{"type":"Feature","geometry":{"type":"Point","coordinates":[-118.471155,34.2716518]},"properties":{"id":"430702945","name":"Gas Station","brand":"","address":""}},{"type":"Feature","geometry":{"type":"Point","coordinates":[-118.5236825,34.2575786]},"properties":{"id":"430710005","name":"Union 76","brand":"Union 76","address":""}},{"type":"Feature","geometry":{"type":"Point","coordinates":[-118.5519489,34.2315149]},"properties":{"id":"430780633","name":"Costco Gasoline","brand":"Costco","address":"8810 Tampa Avenue Northridge"}},{"type":"Feature","geometry":{"type":"Point","coordinates":[-118.5706035,34.1940533]},"properties":{"id":"430781976","name":"Arco","brand":"Arco","address":""}},{"type":"Feature","geometry":{"type":"Point","coordinates":[-118.570664,34.1942283]},"properties":{"id":"430782284","name":"Arco","brand":"Arco","address":""}},{"type":"Feature","geometry":{"type":"Point","coordinates":[-118.4927475,34.1869713]},"properties":{"id":"430890777","name":"Chevron","brand":"Chevron","address":""}},{"type":"Feature","geometry":{"type":"Point","coordinates":[-118.4925758,34.1869534]},"properties":{"id":"430890795","name":"Chevron","brand":"Chevron","address":""}},{"type":"Feature","geometry":{"type":"Point","coordinates":[-118.4927638,34.1868478]},"properties":{"id":"430890816","name":"Chevron","brand":"Chevron","address":""}},{"type":"Feature","geometry":{"type":"Point","coordinates":[-118.492063,34.1868946]},"properties":{"id":"430924184","name":"76","brand":"76","address":""}},{"type":"Feature","geometry":{"type":"Point","coordinates":[-118.4787038,34.3034697]},"properties":{"id":"430962348","name":"Chevron","brand":"Chevron","address":""}},{"type":"Feature","geometry":{"type":"Point","coordinates":[-118.4049867,34.2213689]},"properties":{"id":"430982115","name":"Mobil","brand":"Mobil","address":""}},{"type":"Feature","geometry":{"type":"Point","coordinates":[-118.4752632,34.1868849]},"properties":{"id":"430992302","name":"Gas Station","brand":"","address":""}},{"type":"Feature","geometry":{"type":"Point","coordinates":[-118.3923817,34.2214202]},"properties":{"id":"431005878","name":"Ralphs","brand":"","address":""}},{"type":"Feature","geometry":{"type":"Point","coordinates":[-118.5024648,34.2723642]},"properties":{"id":"431008094","name":"Shell","brand":"Shell","address":""}},{"type":"Feature","geometry":{"type":"Point","coordinates":[-118.5793867,34.2496456]},"properties":{"id":"431141732","name":"Chevron","brand":"Chevron","address":""}},{"type":"Feature","geometry":{"type":"Point","coordinates":[-118.579588,34.2496893]},"properties":{"id":"431143137","name":"Chevron","brand":"Chevron","address":""}},{"type":"Feature","geometry":{"type":"Point","coordinates":[-118.3960135,34.2749374]},"properties":{"id":"431180305","name":"Chevron","brand":"Chevron","address":""}},{"type":"Feature","geometry":{"type":"Point","coordinates":[-118.4473822,34.2896175]},"properties":{"id":"431185605","name":"Sinclair","brand":"Sinclair","address":"1601 Truman Street San Fernando"}},{"type":"Feature","geometry":{"type":"Point","coordinates":[-118.5355957,34.1720284]},"properties":{"id":"431347643","name":"Gas Station","brand":"","address":"18486 Burbank Boulevard"}},{"type":"Feature","geometry":{"type":"Point","coordinates":[-118.5352879,34.1719047]},"properties":{"id":"431347656","name":"Gas Station","brand":"","address":""}},{"type":"Feature","geometry":{"type":"Point","coordinates":[-118.4658402,34.1723796]},"properties":{"id":"431381802","name":"Gas Station","brand":"","address":""}},{"type":"Feature","geometry":{"type":"Point","coordinates":[-118.5181317,34.1720529]},"properties":{"id":"431389433","name":"Shell","brand":"Shell","address":"17660 Burbank Boulevard Encino"}},{"type":"Feature","geometry":{"type":"Point","coordinates":[-118.5181957,34.171875]},"properties":{"id":"431389635","name":"Shell","brand":"Shell","address":""}},{"type":"Feature","geometry":{"type":"Point","coordinates":[-118.5189655,34.1718602]},"properties":{"id":"431392442","name":"Mobil","brand":"Mobil","address":"5553 White Oak Avenue Encino"}},{"type":"Feature","geometry":{"type":"Point","coordinates":[-118.5530796,34.1862777]},"properties":{"id":"431413594","name":"Mobil","brand":"Mobil","address":""}},{"type":"Feature","geometry":{"type":"Point","coordinates":[-118.4678144,34.2497561]},"properties":{"id":"431625142","name":"Star Fuel","brand":"","address":"15414 Lassen Street Mission Hills"}},{"type":"Feature","geometry":{"type":"Point","coordinates":[-118.45442,34.2802669]},"properties":{"id":"431631926","name":"76","brand":"76","address":""}},{"type":"Feature","geometry":{"type":"Point","coordinates":[-118.4545468,34.280229]},"properties":{"id":"431632432","name":"76","brand":"76","address":""}},{"type":"Feature","geometry":{"type":"Point","coordinates":[-118.4290843,34.2219437]},"properties":{"id":"431632835","name":"Arco","brand":"Arco","address":""}},{"type":"Feature","geometry":{"type":"Point","coordinates":[-118.4324084,34.2220321]},"properties":{"id":"431632858","name":"76","brand":"76","address":"13737 Roscoe Boulevard Panorama City"}},{"type":"Feature","geometry":{"type":"Point","coordinates":[-118.4140369,34.2213285]},"properties":{"id":"431653432","name":"Shell","brand":"Shell","address":""}},{"type":"Feature","geometry":{"type":"Point","coordinates":[-118.3969462,34.1572595]},"properties":{"id":"431655132","name":"Chevron","brand":"Chevron","address":"4757 Laurel Canyon Boulevard Valley Village"}},{"type":"Feature","geometry":{"type":"Point","coordinates":[-118.4571156,34.1646226]},"properties":{"id":"431655146","name":"V Red","brand":"Valero","address":"14856 Magnolia Boulevard Sherman Oaks"}},{"type":"Feature","geometry":{"type":"Point","coordinates":[-118.4678349,34.2643309]},"properties":{"id":"431660936","name":"Shell","brand":"Shell","address":""}},{"type":"Feature","geometry":{"type":"Point","coordinates":[-118.467834,34.2649145]},"properties":{"id":"431661330","name":"Chevron","brand":"Chevron","address":"10701 Sepulveda Boulevard Mission Hills"}},{"type":"Feature","geometry":{"type":"Point","coordinates":[-118.4745268,34.2358111]},"properties":{"id":"431663535","name":"Gas Station","brand":"","address":""}},{"type":"Feature","geometry":{"type":"Point","coordinates":[-118.4768717,34.2216162]},"properties":{"id":"431668039","name":"Valero","brand":"Valero","address":"15805 Roscoe Boulevard North Hills"}},{"type":"Feature","geometry":{"type":"Point","coordinates":[-118.6229875,34.1794173]},"properties":{"id":"431855378","name":"76","brand":"76","address":""}},{"type":"Feature","geometry":{"type":"Point","coordinates":[-118.6423835,34.1862919]},"properties":{"id":"431862112","name":"Gas Station","brand":"","address":""}},{"type":"Feature","geometry":{"type":"Point","coordinates":[-118.6424528,34.1861069]},"properties":{"id":"431862886","name":"Gas Station","brand":"","address":""}},{"type":"Feature","geometry":{"type":"Point","coordinates":[-118.3611106,34.1519009]},"properties":{"id":"431891137","name":"Mobil","brand":"Mobil","address":""}},{"type":"Feature","geometry":{"type":"Point","coordinates":[-118.5022681,34.2288207]},"properties":{"id":"431901453","name":"Arco","brand":"Arco","address":""}},{"type":"Feature","geometry":{"type":"Point","coordinates":[-118.5021757,34.2354944]},"properties":{"id":"431901876","name":"Mobil","brand":"","address":""}},{"type":"Feature","geometry":{"type":"Point","coordinates":[-118.4674366,34.2210999]},"properties":{"id":"432046952","name":"Shell","brand":"Shell","address":""}},{"type":"Feature","geometry":{"type":"Point","coordinates":[-118.4652613,34.1820954]},"properties":{"id":"432068431","name":"Costco Gasoline","brand":"Costco Gasoline","address":""}},{"type":"Feature","geometry":{"type":"Point","coordinates":[-118.2792353,34.2477756]},"properties":{"id":"432092734","name":"Chevron","brand":"Chevron","address":""}},{"type":"Feature","geometry":{"type":"Point","coordinates":[-118.2765787,34.2469656]},"properties":{"id":"432093510","name":"H&G","brand":"","address":""}},{"type":"Feature","geometry":{"type":"Point","coordinates":[-118.4491343,34.1823363]},"properties":{"id":"432096266","name":"Chevron","brand":"Chevron","address":""}},{"type":"Feature","geometry":{"type":"Point","coordinates":[-118.405501,34.1425333]},"properties":{"id":"432107368","name":"Speedway Express","brand":"Speedway","address":""}},{"type":"Feature","geometry":{"type":"Point","coordinates":[-118.6062287,34.172296]},"properties":{"id":"432114909","name":"76","brand":"76","address":""}},{"type":"Feature","geometry":{"type":"Point","coordinates":[-118.4483326,34.2137806]},"properties":{"id":"432129985","name":"Gas Station","brand":"","address":""}},{"type":"Feature","geometry":{"type":"Point","coordinates":[-118.6062859,34.1872656]},"properties":{"id":"432137670","name":"Mobil","brand":"Mobil","address":""}},{"type":"Feature","geometry":{"type":"Point","coordinates":[-118.3969209,34.179112]},"properties":{"id":"432321526","name":"Shell","brand":"Shell","address":""}},{"type":"Feature","geometry":{"type":"Point","coordinates":[-118.4490615,34.1512984]},"properties":{"id":"432332524","name":"Chevron","brand":"Chevron","address":""}},{"type":"Feature","geometry":{"type":"Point","coordinates":[-118.3197715,33.7892189]},"properties":{"id":"438733578","name":"Shell","brand":"Shell","address":""}},{"type":"Feature","geometry":{"type":"Point","coordinates":[-118.319683,33.7893512]},"properties":{"id":"438733643","name":"Shell","brand":"Shell","address":""}},{"type":"Feature","geometry":{"type":"Point","coordinates":[-118.1804219,33.7755895]},"properties":{"id":"438964035","name":"USA gas","brand":"","address":""}},{"type":"Feature","geometry":{"type":"Point","coordinates":[-118.3590487,33.9888486]},"properties":{"id":"439297137","name":"La Brea Gas","brand":"","address":"4701 West Slauson Avenue"}},{"type":"Feature","geometry":{"type":"Point","coordinates":[-118.2649588,33.9024738]},"properties":{"id":"439350177","name":"Shell","brand":"Shell","address":""}},{"type":"Feature","geometry":{"type":"Point","coordinates":[-118.3791198,33.8949607]},"properties":{"id":"439601588","name":"Chevron","brand":"Chevron","address":"2301 North Aviation Boulevard Manhattan Beach"}},{"type":"Feature","geometry":{"type":"Point","coordinates":[-118.3772744,33.8162487]},"properties":{"id":"440272730","name":"Speedway Express","brand":"Speedway","address":""}},{"type":"Feature","geometry":{"type":"Point","coordinates":[-118.1717363,34.0407539]},"properties":{"id":"440802903","name":"Shell","brand":"Shell","address":""}},{"type":"Feature","geometry":{"type":"Point","coordinates":[-118.3696116,33.9451061]},"properties":{"id":"440829221","name":"Chevron","brand":"Chevron","address":"5156 West Century Boulevard Inglewood"}},{"type":"Feature","geometry":{"type":"Point","coordinates":[-118.4774109,34.0363739]},"properties":{"id":"440841220","name":"76","brand":"76","address":""}},{"type":"Feature","geometry":{"type":"Point","coordinates":[-118.1943766,33.8470329]},"properties":{"id":"441065081","name":"76","brand":"76","address":""}},{"type":"Feature","geometry":{"type":"Point","coordinates":[-118.154313,33.7755248]},"properties":{"id":"441067124","name":"ARCO","brand":"Arco","address":"3201 East 7th Street Long Beach"}},{"type":"Feature","geometry":{"type":"Point","coordinates":[-118.1527474,33.775522]},"properties":{"id":"441067182","name":"SB gas","brand":"","address":""}},{"type":"Feature","geometry":{"type":"Point","coordinates":[-118.1670957,33.8472251]},"properties":{"id":"441193627","name":"Arco;Am pm","brand":"","address":""}},{"type":"Feature","geometry":{"type":"Point","coordinates":[-118.1854363,33.7824247]},"properties":{"id":"441208451","name":"Shell","brand":"","address":""}},{"type":"Feature","geometry":{"type":"Point","coordinates":[-118.1603424,33.8468329]},"properties":{"id":"441209764","name":"Mobil","brand":"Mobil","address":""}},{"type":"Feature","geometry":{"type":"Point","coordinates":[-118.1499771,33.775504]},"properties":{"id":"441267170","name":"Gas Station","brand":"","address":""}},{"type":"Feature","geometry":{"type":"Point","coordinates":[-118.1602504,33.8541288]},"properties":{"id":"441310990","name":"7-Eleven","brand":"7-Eleven","address":""}},{"type":"Feature","geometry":{"type":"Point","coordinates":[-118.2820355,33.831387]},"properties":{"id":"441461500","name":"76","brand":"76","address":""}},{"type":"Feature","geometry":{"type":"Point","coordinates":[-118.1670839,33.8466638]},"properties":{"id":"441478715","name":"76","brand":"76","address":""}},{"type":"Feature","geometry":{"type":"Point","coordinates":[-118.3434478,33.8659207]},"properties":{"id":"442235899","name":"Arco","brand":"Arco","address":""}},{"type":"Feature","geometry":{"type":"Point","coordinates":[-118.326285,33.9161323]},"properties":{"id":"442255727","name":"Shell","brand":"Shell","address":""}},{"type":"Feature","geometry":{"type":"Point","coordinates":[-118.3730168,33.8726076]},"properties":{"id":"442276594","name":"Chevron","brand":"Chevron","address":""}},{"type":"Feature","geometry":{"type":"Point","coordinates":[-118.3507202,33.816148]},"properties":{"id":"442279112","name":"Shell","brand":"Shell","address":""}},{"type":"Feature","geometry":{"type":"Point","coordinates":[-118.3006739,33.9015611]},"properties":{"id":"442305053","name":"Sinclair","brand":"Sinclair","address":"1408 Rosecrans Avenue Gardena"}},{"type":"Feature","geometry":{"type":"Point","coordinates":[-118.3083535,33.9016975]},"properties":{"id":"442305296","name":"76","brand":"76","address":""}},{"type":"Feature","geometry":{"type":"Point","coordinates":[-118.3442354,33.9016703]},"properties":{"id":"442319941","name":"76","brand":"76","address":""}},{"type":"Feature","geometry":{"type":"Point","coordinates":[-118.3441599,33.9022824]},"properties":{"id":"442320019","name":"Arco","brand":"Arco","address":"4009 West Rosecrans Ave Hawthorne"}},{"type":"Feature","geometry":{"type":"Point","coordinates":[-118.3581157,33.8081837]},"properties":{"id":"442320090","name":"Shell","brand":"Shell","address":""}},{"type":"Feature","geometry":{"type":"Point","coordinates":[-118.3277145,33.8131447]},"properties":{"id":"442328398","name":"Chevron","brand":"Chevron","address":"23420 Crenshaw Boulevard"}},{"type":"Feature","geometry":{"type":"Point","coordinates":[-118.3445287,33.8308527]},"properties":{"id":"442328820","name":"Mobil","brand":"Mobil","address":""}},{"type":"Feature","geometry":{"type":"Point","coordinates":[-118.3280742,33.8214329]},"properties":{"id":"442334514","name":"76","brand":"76","address":""}},{"type":"Feature","geometry":{"type":"Point","coordinates":[-118.3281716,33.8310023]},"properties":{"id":"442336742","name":"Chevron","brand":"Chevron","address":""}},{"type":"Feature","geometry":{"type":"Point","coordinates":[-118.3617905,33.9524847]},"properties":{"id":"442346591","name":"76","brand":"76","address":"400 W Arbor Vitae St Inglewood"}},{"type":"Feature","geometry":{"type":"Point","coordinates":[-118.3442836,33.9457881]},"properties":{"id":"442358323","name":"Chevron","brand":"Chevron","address":"4015 West Century Boulevard Inglewood"}},{"type":"Feature","geometry":{"type":"Point","coordinates":[-118.3531272,33.9015457]},"properties":{"id":"442427193","name":"Chevron","brand":"Chevron","address":"14305 Rosecrans Avenue"}},{"type":"Feature","geometry":{"type":"Point","coordinates":[-118.3006872,33.8915836]},"properties":{"id":"442607846","name":"Mobil","brand":"Mobil","address":""}},{"type":"Feature","geometry":{"type":"Point","coordinates":[-118.3813624,33.8725334]},"properties":{"id":"442689876","name":"Shell","brand":"Shell","address":""}},{"type":"Feature","geometry":{"type":"Point","coordinates":[-118.3815321,33.8540653]},"properties":{"id":"442768902","name":"Shell","brand":"Shell","address":""}},{"type":"Feature","geometry":{"type":"Point","coordinates":[-118.3581205,33.8074117]},"properties":{"id":"442782274","name":"Mobil","brand":"Mobil","address":""}},{"type":"Feature","geometry":{"type":"Point","coordinates":[-118.3917305,33.7790496]},"properties":{"id":"442851451","name":"Shell","brand":"Shell","address":"28103 Hawthorne Boulevard"}},{"type":"Feature","geometry":{"type":"Point","coordinates":[-118.3663978,33.8378162]},"properties":{"id":"442852591","name":"7-Eleven","brand":"7-Eleven","address":""}},{"type":"Feature","geometry":{"type":"Point","coordinates":[-118.3537872,33.962112]},"properties":{"id":"443396934","name":"Kwik Serv","brand":"","address":""}},{"type":"Feature","geometry":{"type":"Point","coordinates":[-118.3284304,33.8359979]},"properties":{"id":"443431858","name":"Arco","brand":"Arco","address":""}},{"type":"Feature","geometry":{"type":"Point","coordinates":[-118.328225,33.8361448]},"properties":{"id":"443431934","name":"Arco","brand":"Arco","address":""}},{"type":"Feature","geometry":{"type":"Point","coordinates":[-118.35141,33.7990685]},"properties":{"id":"443675784","name":"Chevron","brand":"Chevron","address":"Hawthorne Boulevard Torrance"}},{"type":"Feature","geometry":{"type":"Point","coordinates":[-118.370671,34.1409617]},"properties":{"id":"444349648","name":"Mobil","brand":"Mobil","address":""}},{"type":"Feature","geometry":{"type":"Point","coordinates":[-118.3699142,34.1400245]},"properties":{"id":"444350804","name":"Shell","brand":"Shell","address":""}},{"type":"Feature","geometry":{"type":"Point","coordinates":[-118.1524661,33.9239729]},"properties":{"id":"449895572","name":"GasEnGo","brand":"","address":""}},{"type":"Feature","geometry":{"type":"Point","coordinates":[-118.1517837,33.9236662]},"properties":{"id":"449897151","name":"Arco","brand":"Arco","address":""}},{"type":"Feature","geometry":{"type":"Point","coordinates":[-118.1536501,33.9403315]},"properties":{"id":"449897885","name":"Chevron","brand":"Chevron","address":"11856 Old River School Road Downey"}},{"type":"Feature","geometry":{"type":"Point","coordinates":[-118.2159626,33.9031789]},"properties":{"id":"449907258","name":"Shell - Gas Station","brand":"Shell","address":""}},{"type":"Feature","geometry":{"type":"Point","coordinates":[-118.1521751,33.9245051]},"properties":{"id":"449908526","name":"Chevron","brand":"Chevron","address":""}},{"type":"Feature","geometry":{"type":"Point","coordinates":[-118.1509275,33.8817258]},"properties":{"id":"450401867","name":"Gas Station","brand":"","address":""}},{"type":"Feature","geometry":{"type":"Point","coordinates":[-118.1605089,33.8895177]},"properties":{"id":"451247585","name":"Sinclair","brand":"Sinclair","address":""}},{"type":"Feature","geometry":{"type":"Point","coordinates":[-118.1517004,33.8968082]},"properties":{"id":"451439120","name":"Arco","brand":"Arco","address":""}},{"type":"Feature","geometry":{"type":"Point","coordinates":[-118.1596555,33.8889667]},"properties":{"id":"451446993","name":"Arco","brand":"Arco","address":""}},{"type":"Feature","geometry":{"type":"Point","coordinates":[-118.1666397,34.0023506]},"properties":{"id":"451459194","name":"76","brand":"76","address":"2445 Ralph Lieberman Avenue Commerce"}},{"type":"Feature","geometry":{"type":"Point","coordinates":[-118.1771504,33.8852237]},"properties":{"id":"451467126","name":"Circle K","brand":"Circle K","address":"16408 Orange Avenue Paramount"}},{"type":"Feature","geometry":{"type":"Point","coordinates":[-118.2299064,33.988923]},"properties":{"id":"455773408","name":"Shell","brand":"Shell","address":""}},{"type":"Feature","geometry":{"type":"Point","coordinates":[-118.2306413,33.9888871]},"properties":{"id":"455776844","name":"76","brand":"76","address":""}},{"type":"Feature","geometry":{"type":"Point","coordinates":[-118.2120532,33.930689]},"properties":{"id":"455827591","name":"Shell","brand":"Shell","address":"11151 Long Beach Boulevard Lynwood"}},{"type":"Feature","geometry":{"type":"Point","coordinates":[-118.1621674,34.0070963]},"properties":{"id":"455828842","name":"Chevron","brand":"Chevron","address":"2155 S Atlantic Blvd Commerce"}},{"type":"Feature","geometry":{"type":"Point","coordinates":[-118.264887,33.9019585]},"properties":{"id":"456614314","name":"USA Gasoline","brand":"USA Gasoline","address":""}},{"type":"Feature","geometry":{"type":"Point","coordinates":[-118.1822874,33.8888372]},"properties":{"id":"456625710","name":"Chevron","brand":"Chevron","address":"6602 Alondra Boulevard Paramount"}},{"type":"Feature","geometry":{"type":"Point","coordinates":[-118.1528053,34.1161678]},"properties":{"id":"471622681","name":"Chevron","brand":"Chevron","address":""}},{"type":"Feature","geometry":{"type":"Point","coordinates":[-118.3195185,34.1829365]},"properties":{"id":"471768398","name":"CNG City of Burbank","brand":"","address":"810 Lake Street Burbank"}},{"type":"Feature","geometry":{"type":"Point","coordinates":[-118.1998862,34.2053744]},"properties":{"id":"471775566","name":"Shell","brand":"Shell","address":""}},{"type":"Feature","geometry":{"type":"Point","coordinates":[-118.2788288,34.1727265]},"properties":{"id":"471841965","name":"Shell","brand":"Valero","address":""}},{"type":"Feature","geometry":{"type":"Point","coordinates":[-118.2415251,34.1428871]},"properties":{"id":"471912999","name":"76","brand":"76","address":""}},{"type":"Feature","geometry":{"type":"Point","coordinates":[-118.1923137,34.201107]},"properties":{"id":"471925409","name":"Gas Station","brand":"","address":"623 Foothill Boulevard La Ca\u00f1ada Flintridge"}},{"type":"Feature","geometry":{"type":"Point","coordinates":[-118.3451494,34.1647928]},"properties":{"id":"471928659","name":"Chevron","brand":"Chevron","address":""}},{"type":"Feature","geometry":{"type":"Point","coordinates":[-118.3250174,34.1918084]},"properties":{"id":"471952039","name":"Shell","brand":"Shell","address":""}},{"type":"Feature","geometry":{"type":"Point","coordinates":[-118.3055659,34.1694907]},"properties":{"id":"471960338","name":"Shell","brand":"Shell","address":""}},{"type":"Feature","geometry":{"type":"Point","coordinates":[-118.3184988,34.177109]},"properties":{"id":"480676733","name":"Valero","brand":"Valero","address":""}},{"type":"Feature","geometry":{"type":"Point","coordinates":[-118.4210268,33.9059282]},"properties":{"id":"518129665","name":"Chevron","brand":"Chevron","address":"601 Vista Del Mar Manhattan Beach"}},{"type":"Feature","geometry":{"type":"Point","coordinates":[-118.1654687,34.065846]},"properties":{"id":"544657663","name":"Gas Station","brand":"","address":""}},{"type":"Feature","geometry":{"type":"Point","coordinates":[-118.4412191,34.048955]},"properties":{"id":"566491072","name":"Shell","brand":"Shell","address":""}},{"type":"Feature","geometry":{"type":"Point","coordinates":[-118.4442561,34.0480522]},"properties":{"id":"572855899","name":"Mobil","brand":"Mobil","address":"1660 Sepulveda Boulevard"}},{"type":"Feature","geometry":{"type":"Point","coordinates":[-118.2351726,34.1477758]},"properties":{"id":"582371614","name":"Arco","brand":"Arco","address":""}},{"type":"Feature","geometry":{"type":"Point","coordinates":[-118.5618789,34.2323733]},"properties":{"id":"591051433","name":"Shell","brand":"Shell","address":""}},{"type":"Feature","geometry":{"type":"Point","coordinates":[-118.1912036,34.2000769]},"properties":{"id":"592514519","name":"Arco","brand":"Arco","address":""}},{"type":"Feature","geometry":{"type":"Point","coordinates":[-118.2309609,34.2184847]},"properties":{"id":"611856453","name":"76","brand":"76","address":""}},{"type":"Feature","geometry":{"type":"Point","coordinates":[-118.5180776,34.1627357]},"properties":{"id":"627869684","name":"Mobil","brand":"Mobil","address":"17661 Ventura Boulevard Encino"}},{"type":"Feature","geometry":{"type":"Point","coordinates":[-118.50181,34.1590468]},"properties":{"id":"627869686","name":"Union 76","brand":"Union 76","address":""}},{"type":"Feature","geometry":{"type":"Point","coordinates":[-118.3442585,33.9167387]},"properties":{"id":"641024843","name":"Arco","brand":"Arco","address":""}},{"type":"Feature","geometry":{"type":"Point","coordinates":[-118.605665,34.2569558]},"properties":{"id":"641980528","name":"76","brand":"76","address":""}},{"type":"Feature","geometry":{"type":"Point","coordinates":[-118.2207069,34.1238056]},"properties":{"id":"704202776","name":"Arco","brand":"Arco","address":""}},{"type":"Feature","geometry":{"type":"Point","coordinates":[-118.3338294,33.8079991]},"properties":{"id":"706557628","name":"Gas Station","brand":"","address":""}},{"type":"Feature","geometry":{"type":"Point","coordinates":[-118.6020384,34.1872288]},"properties":{"id":"706846215","name":"Costco Gasoline","brand":"Costco","address":"21800 Victory Boulevard Woodland Hills"}},{"type":"Feature","geometry":{"type":"Point","coordinates":[-118.4089465,34.026463]},"properties":{"id":"707099619","name":"Arco","brand":"Arco","address":""}},{"type":"Feature","geometry":{"type":"Point","coordinates":[-118.4023362,34.0302414]},"properties":{"id":"707099620","name":"SK","brand":"","address":""}},{"type":"Feature","geometry":{"type":"Point","coordinates":[-118.4001301,34.031718]},"properties":{"id":"707099621","name":"United Oil","brand":"","address":""}},{"type":"Feature","geometry":{"type":"Point","coordinates":[-118.3911284,34.0315839]},"properties":{"id":"707099624","name":"Valero","brand":"Valero","address":""}},{"type":"Feature","geometry":{"type":"Point","coordinates":[-118.3833078,34.0591094]},"properties":{"id":"773842198","name":"Speedway","brand":"Speedway","address":""}},{"type":"Feature","geometry":{"type":"Point","coordinates":[-118.2929448,33.93066]},"properties":{"id":"813420158","name":"Arco","brand":"Arco","address":""}},{"type":"Feature","geometry":{"type":"Point","coordinates":[-118.5561528,34.2744194]},"properties":{"id":"825944864","name":"Chevron","brand":"Chevron","address":""}},{"type":"Feature","geometry":{"type":"Point","coordinates":[-118.2498461,34.1585972]},"properties":{"id":"851427999","name":"Chevron","brand":"Chevron","address":""}},{"type":"Feature","geometry":{"type":"Point","coordinates":[-118.2637347,34.1577138]},"properties":{"id":"851428002","name":"Mobil","brand":"Mobil","address":""}},{"type":"Feature","geometry":{"type":"Point","coordinates":[-118.2648827,34.1551706]},"properties":{"id":"851428003","name":"Shell","brand":"Shell","address":""}},{"type":"Feature","geometry":{"type":"Point","coordinates":[-118.2582239,34.15881]},"properties":{"id":"851437343","name":"76","brand":"76","address":""}},{"type":"Feature","geometry":{"type":"Point","coordinates":[-118.25837,34.1582052]},"properties":{"id":"851437344","name":"Shell","brand":"Shell","address":""}},{"type":"Feature","geometry":{"type":"Point","coordinates":[-118.2326781,34.164964]},"properties":{"id":"851437346","name":"Mobil","brand":"Mobil","address":""}},{"type":"Feature","geometry":{"type":"Point","coordinates":[-118.2366655,34.1608313]},"properties":{"id":"851437347","name":"United Oil","brand":"United Oil","address":""}},{"type":"Feature","geometry":{"type":"Point","coordinates":[-118.2400034,34.1592378]},"properties":{"id":"851437348","name":"76","brand":"76","address":""}},{"type":"Feature","geometry":{"type":"Point","coordinates":[-118.2413478,34.1563218]},"properties":{"id":"851437349","name":"Mobil","brand":"Mobil","address":""}},{"type":"Feature","geometry":{"type":"Point","coordinates":[-118.2338003,34.1429953]},"properties":{"id":"851437350","name":"Shell","brand":"Shell","address":""}},{"type":"Feature","geometry":{"type":"Point","coordinates":[-118.2342686,34.142382]},"properties":{"id":"851437351","name":"Mobil","brand":"Mobil","address":""}},{"type":"Feature","geometry":{"type":"Point","coordinates":[-118.2637547,34.1465543]},"properties":{"id":"851733499","name":"Chevron","brand":"Chevron","address":""}},{"type":"Feature","geometry":{"type":"Point","coordinates":[-118.2284897,34.1455312]},"properties":{"id":"851733500","name":"Chevron","brand":"Chevron","address":""}},{"type":"Feature","geometry":{"type":"Point","coordinates":[-118.263958,34.1427834]},"properties":{"id":"851733502","name":"76","brand":"76","address":""}},{"type":"Feature","geometry":{"type":"Point","coordinates":[-118.2646024,34.1427705]},"properties":{"id":"851733503","name":"Valero","brand":"Valero","address":""}},{"type":"Feature","geometry":{"type":"Point","coordinates":[-118.2459921,34.1484233]},"properties":{"id":"851736533","name":"76","brand":"76","address":""}},{"type":"Feature","geometry":{"type":"Point","coordinates":[-118.2238719,34.2045265]},"properties":{"id":"851736534","name":"Mobil","brand":"Mobil","address":""}},{"type":"Feature","geometry":{"type":"Point","coordinates":[-118.2006225,34.2049633]},"properties":{"id":"851736535","name":"76","brand":"76","address":""}},{"type":"Feature","geometry":{"type":"Point","coordinates":[-118.1923139,34.2012151]},"properties":{"id":"851736536","name":"Chevron","brand":"Chevron","address":""}},{"type":"Feature","geometry":{"type":"Point","coordinates":[-118.1911941,34.2000292]},"properties":{"id":"851736537","name":"Arco","brand":"Arco","address":""}},{"type":"Feature","geometry":{"type":"Point","coordinates":[-118.1512621,34.1828594]},"properties":{"id":"852572683","name":"ARCO 42205","brand":"Arco","address":"2171 North Fair Oaks Avenue Altadena"}},{"type":"Feature","geometry":{"type":"Point","coordinates":[-118.1512594,34.1835743]},"properties":{"id":"852572684","name":"Mobil","brand":"Mobil","address":""}},{"type":"Feature","geometry":{"type":"Point","coordinates":[-118.1501116,34.1526842]},"properties":{"id":"852573699","name":"Mobil","brand":"Mobil","address":""}},{"type":"Feature","geometry":{"type":"Point","coordinates":[-118.2540879,34.123269]},"properties":{"id":"853094844","name":"USA Gasoline","brand":"USA Gasoline","address":""}},{"type":"Feature","geometry":{"type":"Point","coordinates":[-118.2574118,34.129071]},"properties":{"id":"853094845","name":"Mobil","brand":"Mobil","address":""}},{"type":"Feature","geometry":{"type":"Point","coordinates":[-118.262533,34.1157109]},"properties":{"id":"853094856","name":"76","brand":"76","address":""}},{"type":"Feature","geometry":{"type":"Point","coordinates":[-118.2146208,34.1388273]},"properties":{"id":"853184590","name":"Shell","brand":"Shell","address":""}},{"type":"Feature","geometry":{"type":"Point","coordinates":[-118.2143885,34.1394918]},"properties":{"id":"853184591","name":"Mobil","brand":"Mobil","address":""}},{"type":"Feature","geometry":{"type":"Point","coordinates":[-118.2084677,34.1395727]},"properties":{"id":"853184592","name":"76","brand":"76","address":""}},{"type":"Feature","geometry":{"type":"Point","coordinates":[-118.1872272,34.1378631]},"properties":{"id":"853184593","name":"Chevron","brand":"Chevron","address":""}},{"type":"Feature","geometry":{"type":"Point","coordinates":[-118.2166185,34.1319333]},"properties":{"id":"853195007","name":"76","brand":"76","address":""}},{"type":"Feature","geometry":{"type":"Point","coordinates":[-118.1989004,34.1197307]},"properties":{"id":"853196250","name":"Five Star","brand":"","address":""}},{"type":"Feature","geometry":{"type":"Point","coordinates":[-118.1848026,34.1155711]},"properties":{"id":"853197109","name":"Mobil","brand":"Mobil","address":""}},{"type":"Feature","geometry":{"type":"Point","coordinates":[-118.2639783,34.1601108]},"properties":{"id":"854698383","name":"Pacific Fuel","brand":"","address":""}},{"type":"Feature","geometry":{"type":"Point","coordinates":[-118.2857796,34.1687287]},"properties":{"id":"854698384","name":"76","brand":"76","address":""}},{"type":"Feature","geometry":{"type":"Point","coordinates":[-118.2968826,34.1768245]},"properties":{"id":"854698385","name":"7-Eleven","brand":"7-Eleven","address":""}},{"type":"Feature","geometry":{"type":"Point","coordinates":[-118.3037611,34.1810563]},"properties":{"id":"854698386","name":"Mobil","brand":"Mobil","address":"349 South Glenoaks Boulevard Burbank"}},{"type":"Feature","geometry":{"type":"Point","coordinates":[-118.3043251,34.1821241]},"properties":{"id":"854698387","name":"United Oil","brand":"United Oil","address":"250 Glenoaks Boulevard"}},{"type":"Feature","geometry":{"type":"Point","coordinates":[-118.3057496,34.1831619]},"properties":{"id":"854698388","name":"Chevron","brand":"Chevron","address":""}},{"type":"Feature","geometry":{"type":"Point","coordinates":[-118.3404106,34.1531038]},"properties":{"id":"868888299","name":"Chevron","brand":"Chevron","address":""}},{"type":"Feature","geometry":{"type":"Point","coordinates":[-118.2871233,34.1116662]},"properties":{"id":"873365785","name":"76","brand":"76","address":""}},{"type":"Feature","geometry":{"type":"Point","coordinates":[-118.3781396,33.9457929]},"properties":{"id":"889327817","name":"Shell","brand":"Shell","address":""}},{"type":"Feature","geometry":{"type":"Point","coordinates":[-118.4322495,34.0439497]},"properties":{"id":"890845719","name":"Mobil","brand":"Mobil","address":"10863 West Olympic Boulevard Los Angeles"}},{"type":"Feature","geometry":{"type":"Point","coordinates":[-118.4369232,34.0501308]},"properties":{"id":"891389380","name":"Mobil","brand":"Mobil","address":"10857 Santa Monica Boulevard Los Angeles"}},{"type":"Feature","geometry":{"type":"Point","coordinates":[-118.1617759,33.929258]},"properties":{"id":"892858777","name":"76","brand":"76","address":""}},{"type":"Feature","geometry":{"type":"Point","coordinates":[-118.3730188,33.9551145]},"properties":{"id":"893450688","name":"Gas Station","brand":"","address":""}},{"type":"Feature","geometry":{"type":"Point","coordinates":[-118.3227857,34.1846162]},"properties":{"id":"894069128","name":"Costco Gasoline","brand":"Costco Gasoline","address":""}},{"type":"Feature","geometry":{"type":"Point","coordinates":[-118.3998122,34.0166505]},"properties":{"id":"907919740","name":"Shell","brand":"Shell","address":""}},{"type":"Feature","geometry":{"type":"Point","coordinates":[-118.4844933,34.257112]},"properties":{"id":"908591403","name":"Chevron","brand":"Chevron","address":""}},{"type":"Feature","geometry":{"type":"Point","coordinates":[-118.1994782,34.1066915]},"properties":{"id":"910265738","name":"Chevron","brand":"Chevron","address":""}},{"type":"Feature","geometry":{"type":"Point","coordinates":[-118.4996148,34.215473]},"properties":{"id":"913758679","name":"The Park VNY","brand":"","address":""}},{"type":"Feature","geometry":{"type":"Point","coordinates":[-118.4768397,34.2216946]},"properties":{"id":"921881140","name":"Valero","brand":"Valero","address":"15805 Roscoe Boulevard North Hills"}},{"type":"Feature","geometry":{"type":"Point","coordinates":[-118.2919399,34.0179053]},"properties":{"id":"933990672","name":"Arco","brand":"Arco","address":""}},{"type":"Feature","geometry":{"type":"Point","coordinates":[-118.6062014,34.1807629]},"properties":{"id":"939531661","name":"Chevron","brand":"Chevron","address":""}},{"type":"Feature","geometry":{"type":"Point","coordinates":[-118.1843483,34.1060752]},"properties":{"id":"970431497","name":"Gas Station","brand":"","address":""}},{"type":"Feature","geometry":{"type":"Point","coordinates":[-118.2219262,34.0838414]},"properties":{"id":"970715255","name":"Andy's Gas Station","brand":"","address":""}},{"type":"Feature","geometry":{"type":"Point","coordinates":[-118.2224269,34.0834553]},"properties":{"id":"970715260","name":"76","brand":"76","address":""}},{"type":"Feature","geometry":{"type":"Point","coordinates":[-118.2229789,34.0838972]},"properties":{"id":"970715265","name":"USA Gasoline","brand":"USA Gasoline","address":""}},{"type":"Feature","geometry":{"type":"Point","coordinates":[-118.2224693,34.0842224]},"properties":{"id":"970715268","name":"Chevron","brand":"Chevron","address":""}},{"type":"Feature","geometry":{"type":"Point","coordinates":[-118.5026244,34.2795929]},"properties":{"id":"998891917","name":"Chevron","brand":"Chevron","address":""}},{"type":"Feature","geometry":{"type":"Point","coordinates":[-118.5025359,34.2789896]},"properties":{"id":"998891918","name":"76","brand":"76","address":""}},{"type":"Feature","geometry":{"type":"Point","coordinates":[-118.5017412,34.2788853]},"properties":{"id":"998891919","name":"Thrifty","brand":"","address":""}},{"type":"Feature","geometry":{"type":"Point","coordinates":[-118.327857,33.8012079]},"properties":{"id":"1005721586","name":"Torrance Fuel","brand":"","address":""}},{"type":"Feature","geometry":{"type":"Point","coordinates":[-118.3453063,33.8378737]},"properties":{"id":"1016738378","name":"7-Eleven","brand":"7-Eleven","address":""}},{"type":"Feature","geometry":{"type":"Point","coordinates":[-118.2692898,33.7911288]},"properties":{"id":"1053169761","name":"Chevron","brand":"Chevron","address":""}},{"type":"Feature","geometry":{"type":"Point","coordinates":[-118.3752903,33.7768837]},"properties":{"id":"1056327592","name":"Arco","brand":"Arco","address":""}},{"type":"Feature","geometry":{"type":"Point","coordinates":[-118.3843844,33.7784827]},"properties":{"id":"1056340687","name":"Chevron","brand":"Chevron","address":"27774 Hawthorne Boulevard"}},{"type":"Feature","geometry":{"type":"Point","coordinates":[-118.50952,34.2214228]},"properties":{"id":"1060386919","name":"Gas Station","brand":"","address":""}},{"type":"Feature","geometry":{"type":"Point","coordinates":[-118.4428928,33.9855756]},"properties":{"id":"1069671019","name":"76","brand":"76","address":""}},{"type":"Feature","geometry":{"type":"Point","coordinates":[-118.3282337,33.8316348]},"properties":{"id":"1072153552","name":"G&M","brand":"","address":"1640 West Carson Street"}},{"type":"Feature","geometry":{"type":"Point","coordinates":[-118.5531179,34.2351076]},"properties":{"id":"1074690475","name":"Gas Station","brand":"","address":""}},{"type":"Feature","geometry":{"type":"Point","coordinates":[-118.4177582,33.994517]},"properties":{"id":"1076102561","name":"United Oil","brand":"","address":"12000 Culver Boulevard"}},{"type":"Feature","geometry":{"type":"Point","coordinates":[-118.3346676,33.9444819]},"properties":{"id":"1076696299","name":"Costco Gasoline","brand":"Costco Gasoline","address":"3560 West Century Boulevard Inglewood"}},{"type":"Feature","geometry":{"type":"Point","coordinates":[-118.6056664,34.2496612]},"properties":{"id":"1077569900","name":"76","brand":"76","address":""}},{"type":"Feature","geometry":{"type":"Point","coordinates":[-118.2926423,33.7453794]},"properties":{"id":"1081886504","name":"San Pedro Gas N' More","brand":"","address":""}},{"type":"Feature","geometry":{"type":"Point","coordinates":[-118.2957777,33.873723]},"properties":{"id":"1090876530","name":"Sam's Club","brand":"Sam's Club","address":""}},{"type":"Feature","geometry":{"type":"Point","coordinates":[-118.3434084,33.9192028]},"properties":{"id":"1104713198","name":"Costco Gasoline","brand":"Costco Gasoline","address":"12530 Prairie Avenue Hawthorne"}},{"type":"Feature","geometry":{"type":"Point","coordinates":[-118.3431532,34.1608294]},"properties":{"id":"1109167695","name":"Shell","brand":"Shell","address":"550 North Hollywood Way Burbank"}},{"type":"Feature","geometry":{"type":"Point","coordinates":[-118.189582,34.0208729]},"properties":{"id":"1133614000","name":"Arco","brand":"Arco","address":""}},{"type":"Feature","geometry":{"type":"Point","coordinates":[-118.3250537,33.8043223]},"properties":{"id":"1154350797","name":"Arco","brand":"Arco","address":"2380 Lomita Boulevard Lomita"}},{"type":"Feature","geometry":{"type":"Point","coordinates":[-118.3277225,33.8125329]},"properties":{"id":"1154355614","name":"Arco","brand":"Arco","address":"23510"}},{"type":"Feature","geometry":{"type":"Point","coordinates":[-118.3275211,33.8060741]},"properties":{"id":"1154395259","name":"Shell","brand":"Shell","address":""}},{"type":"Feature","geometry":{"type":"Point","coordinates":[-118.4674072,34.2210124]},"properties":{"id":"1185877702","name":"Shell","brand":"Shell","address":""}},{"type":"Feature","geometry":{"type":"Point","coordinates":[-118.6432253,34.186306]},"properties":{"id":"1193888442","name":"Gas Station","brand":"","address":""}},{"type":"Feature","geometry":{"type":"Point","coordinates":[-118.4365543,33.9789394]},"properties":{"id":"1200021206","name":"Shell","brand":"Shell","address":""}},{"type":"Feature","geometry":{"type":"Point","coordinates":[-118.5028278,34.2506316]},"properties":{"id":"1204414595","name":"Mobil","brand":"Mobil","address":""}},{"type":"Feature","geometry":{"type":"Point","coordinates":[-118.2499904,34.0244971]},"properties":{"id":"1214699348","name":"Shell","brand":"Shell","address":""}},{"type":"Feature","geometry":{"type":"Point","coordinates":[-118.1655685,33.9496506]},"properties":{"id":"1245399098","name":"Arco","brand":"Arco","address":"5731 Firestone Boulevard South Gate"}},{"type":"Feature","geometry":{"type":"Point","coordinates":[-118.3060011,34.1690965]},"properties":{"id":"1246228798","name":"Arco","brand":"Arco","address":"201 West Alameda Avenue Burbank"}},{"type":"Feature","geometry":{"type":"Point","coordinates":[-118.2657133,33.9024034]},"properties":{"id":"1248968990","name":"Sinclair","brand":"Sinclair","address":""}},{"type":"Feature","geometry":{"type":"Point","coordinates":[-118.3795766,34.1724629]},"properties":{"id":"1251021764","name":"Shell","brand":"Shell","address":""}},{"type":"Feature","geometry":{"type":"Point","coordinates":[-118.3708553,34.1864273]},"properties":{"id":"1251173330","name":"Chevron","brand":"Chevron","address":""}},{"type":"Feature","geometry":{"type":"Point","coordinates":[-118.3706223,34.1791071]},"properties":{"id":"1253801280","name":"Shell","brand":"Shell","address":""}},{"type":"Feature","geometry":{"type":"Point","coordinates":[-118.4693695,34.1540375]},"properties":{"id":"1256168639","name":"76","brand":"76","address":""}},{"type":"Feature","geometry":{"type":"Point","coordinates":[-118.191185,34.009805]},"properties":{"id":"1256387350","name":"Speedy Fuel","brand":"","address":"2432 South Indiana Street Commerce"}},{"type":"Feature","geometry":{"type":"Point","coordinates":[-118.1758432,34.0052885]},"properties":{"id":"1256387352","name":"Commerce Truck Stop","brand":"","address":"4560 East Washington Boulevard Commerce"}},{"type":"Feature","geometry":{"type":"Point","coordinates":[-118.239531,34.0042375]},"properties":{"id":"1259196985","name":"Sinclair","brand":"Sinclair","address":"4321 South Alameda Street Los Angeles"}},{"type":"Feature","geometry":{"type":"Point","coordinates":[-118.5018229,34.272362]},"properties":{"id":"1263269524","name":"Union 76","brand":"Union 76","address":""}},{"type":"Feature","geometry":{"type":"Point","coordinates":[-118.5016908,34.2716277]},"properties":{"id":"1263269525","name":"Gas Station","brand":"","address":""}},{"type":"Feature","geometry":{"type":"Point","coordinates":[-118.3250199,34.1918917]},"properties":{"id":"1268032506","name":"Shell","brand":"Shell","address":"1638 North San Fernando Boulevard Burbank"}},{"type":"Feature","geometry":{"type":"Point","coordinates":[-118.299914,34.1740353]},"properties":{"id":"1268058933","name":"Chevron","brand":"Chevron","address":"140 East Alameda Avenue Burbank"}},{"type":"Feature","geometry":{"type":"Point","coordinates":[-118.3052846,34.145773]},"properties":{"id":"1272060900","name":"Gas Station","brand":"","address":""}},{"type":"Feature","geometry":{"type":"Point","coordinates":[-118.6617073,34.2780958]},"properties":{"id":"1272778074","name":"Mobil","brand":"Mobil","address":"2340 Kuehner Drive Simi Valley"}},{"type":"Feature","geometry":{"type":"Point","coordinates":[-118.3481491,34.2108547]},"properties":{"id":"1292754444","name":"Shell","brand":"Shell","address":"7710 North Hollywood Way Burbank"}},{"type":"Feature","geometry":{"type":"Point","coordinates":[-118.3688913,33.8266776]},"properties":{"id":"1299441870","name":"Chevron","brand":"Chevron","address":""}},{"type":"Feature","geometry":{"type":"Point","coordinates":[-118.2580792,34.1235653]},"properties":{"id":"1307126039","name":"Clean Energy","brand":"Clean Energy","address":""}},{"type":"Feature","geometry":{"type":"Point","coordinates":[-118.3616903,33.8876865]},"properties":{"id":"1312531860","name":"United Oil","brand":"","address":""}},{"type":"Feature","geometry":{"type":"Point","coordinates":[-118.2208734,33.9298377]},"properties":{"id":"1344481833","name":"7-Eleven","brand":"7-Eleven","address":"2800 Imperial Highway Lynwood"}},{"type":"Feature","geometry":{"type":"Point","coordinates":[-118.3347289,34.0252725]},"properties":{"id":"1380606718","name":"Gas Station","brand":"","address":""}},{"type":"Feature","geometry":{"type":"Point","coordinates":[-118.3094286,34.057773]},"properties":{"id":"1380610462","name":"Gas Station","brand":"","address":""}},{"type":"Feature","geometry":{"type":"Point","coordinates":[-118.3462617,34.0574982]},"properties":{"id":"1380610468","name":"Arco","brand":"Arco","address":""}},{"type":"Feature","geometry":{"type":"Point","coordinates":[-118.6230078,34.1849339]},"properties":{"id":"1384828824","name":"Speedway","brand":"Speedway","address":""}},{"type":"Feature","geometry":{"type":"Point","coordinates":[-118.4753386,34.1869858]},"properties":{"id":"1387149613","name":"Arco","brand":"Arco","address":""}},{"type":"Feature","geometry":{"type":"Point","coordinates":[-118.631424,34.1626825]},"properties":{"id":"1387743345","name":"shell","brand":"Shell","address":""}},{"type":"Feature","geometry":{"type":"Point","coordinates":[-118.5972182,34.1674636]},"properties":{"id":"1388159190","name":"Chevron","brand":"Chevron","address":""}},{"type":"Feature","geometry":{"type":"Point","coordinates":[-118.5269282,34.1650292]},"properties":{"id":"1388168362","name":"Gas Station","brand":"","address":""}},{"type":"Feature","geometry":{"type":"Point","coordinates":[-118.4484102,34.2176608]},"properties":{"id":"1389254448","name":"Gas Station","brand":"","address":""}},{"type":"Feature","geometry":{"type":"Point","coordinates":[-118.3695085,34.2190665]},"properties":{"id":"1389458984","name":"Chevron","brand":"Chevron","address":""}},{"type":"Feature","geometry":{"type":"Point","coordinates":[-118.5030938,34.2208676]},"properties":{"id":"1389743674","name":"Shell","brand":"Shell","address":""}},{"type":"Feature","geometry":{"type":"Point","coordinates":[-118.5023747,34.2209167]},"properties":{"id":"1389743677","name":"Gas Station","brand":"","address":""}},{"type":"Feature","geometry":{"type":"Point","coordinates":[-118.4745948,34.2210409]},"properties":{"id":"1389747244","name":"Gas Station","brand":"","address":""}},{"type":"Feature","geometry":{"type":"Point","coordinates":[-118.4673676,34.2217022]},"properties":{"id":"1389749217","name":"Gas Station","brand":"","address":""}},{"type":"Feature","geometry":{"type":"Point","coordinates":[-118.3873796,34.1941801]},"properties":{"id":"1389990227","name":"Gas Station","brand":"","address":""}},{"type":"Feature","geometry":{"type":"Point","coordinates":[-118.4309169,34.1936587]},"properties":{"id":"1390376155","name":"Amstar","brand":"","address":""}},{"type":"Feature","geometry":{"type":"Point","coordinates":[-118.3165811,34.1862567]},"properties":{"id":"1390623638","name":"Gas Station","brand":"","address":""}},{"type":"Feature","geometry":{"type":"Point","coordinates":[-118.5980096,34.2007069]},"properties":{"id":"1390873545","name":"Gas Station","brand":"","address":""}},{"type":"Feature","geometry":{"type":"Point","coordinates":[-118.6064485,34.2569697]},"properties":{"id":"1391289342","name":"Speedway Express","brand":"Speedway","address":""}},{"type":"Feature","geometry":{"type":"Point","coordinates":[-118.5881556,34.243072]},"properties":{"id":"1391514100","name":"Arco","brand":"Arco","address":""}},{"type":"Feature","geometry":{"type":"Point","coordinates":[-118.5365135,34.2424455]},"properties":{"id":"1391522771","name":"Chevron","brand":"Chevron","address":""}},{"type":"Feature","geometry":{"type":"Point","coordinates":[-118.5714064,34.194112]},"properties":{"id":"1391762159","name":"Gas Station","brand":"","address":""}},{"type":"Feature","geometry":{"type":"Point","coordinates":[-118.5619363,34.2424186]},"properties":{"id":"1391767322","name":"Arco","brand":"Arco","address":""}},{"type":"Feature","geometry":{"type":"Point","coordinates":[-118.5026348,34.2723731]},"properties":{"id":"1393468094","name":"Gas Station","brand":"","address":""}},{"type":"Feature","geometry":{"type":"Point","coordinates":[-118.6142106,34.1692388]},"properties":{"id":"1394064464","name":"Chevron","brand":"Chevron","address":""}},{"type":"Feature","geometry":{"type":"Point","coordinates":[-118.4484047,34.1505621]},"properties":{"id":"1394092315","name":"Gas Station","brand":"","address":""}},{"type":"Feature","geometry":{"type":"Point","coordinates":[-118.4055294,34.1425041]},"properties":{"id":"1394098185","name":"Gas Station","brand":"","address":""}},{"type":"Feature","geometry":{"type":"Point","coordinates":[-118.3938342,34.143965]},"properties":{"id":"1394102436","name":"Shell","brand":"Shell","address":""}},{"type":"Feature","geometry":{"type":"Point","coordinates":[-118.5007644,34.201526]},"properties":{"id":"1395434474","name":"Gas Station","brand":"","address":""}},{"type":"Feature","geometry":{"type":"Point","coordinates":[-118.344532,34.0975808]},"properties":{"id":"1395632063","name":"Mobil","brand":"Mobil","address":""}},{"type":"Feature","geometry":{"type":"Point","coordinates":[-118.240183,33.7855924]},"properties":{"id":"1395860617","name":"Gas Station","brand":"","address":""}},{"type":"Feature","geometry":{"type":"Point","coordinates":[-118.6164626,34.1684974]},"properties":{"id":"1408484130","name":"Arco","brand":"Arco","address":""}},{"type":"Feature","geometry":{"type":"Point","coordinates":[-118.6147656,34.168365]},"properties":{"id":"1408486101","name":"USA Gasoline","brand":"USA Gasoline","address":""}},{"type":"Feature","geometry":{"type":"Point","coordinates":[-118.6139676,34.1685726]},"properties":{"id":"1408486102","name":"Shell","brand":"Shell","address":""}},{"type":"Feature","geometry":{"type":"Point","coordinates":[-118.4257744,34.2532906]},"properties":{"id":"1411087410","name":"USA Gasoline","brand":"USA Gasoline","address":""}},{"type":"Feature","geometry":{"type":"Point","coordinates":[-118.5504335,34.1722533]},"properties":{"id":"1412361442","name":"Gas Station","brand":"","address":""}},{"type":"Feature","geometry":{"type":"Point","coordinates":[-118.6062158,34.1693994]},"properties":{"id":"1414172920","name":"Gas Station","brand":"","address":""}},{"type":"Feature","geometry":{"type":"Point","coordinates":[-118.6054355,34.1681385]},"properties":{"id":"1414173738","name":"Ralphs","brand":"","address":""}},{"type":"Feature","geometry":{"type":"Point","coordinates":[-118.3713849,34.2340848]},"properties":{"id":"1414378857","name":"Gas Station","brand":"","address":""}},{"type":"Feature","geometry":{"type":"Point","coordinates":[-118.3494614,34.1844664]},"properties":{"id":"1414381168","name":"Kwik Serv","brand":"","address":""}},{"type":"Feature","geometry":{"type":"Point","coordinates":[-118.3698898,34.1520499]},"properties":{"id":"1414803105","name":"Gas Station","brand":"","address":""}},{"type":"Feature","geometry":{"type":"Point","coordinates":[-118.5886464,34.1667943]},"properties":{"id":"1415528673","name":"Chevron","brand":"Chevron","address":""}},{"type":"Feature","geometry":{"type":"Point","coordinates":[-118.6532276,34.1541464]},"properties":{"id":"1416024653","name":"Gas Station","brand":"","address":""}},{"type":"Feature","geometry":{"type":"Point","coordinates":[-118.5694802,34.1711884]},"properties":{"id":"1417991078","name":"Gas Station","brand":"","address":""}},{"type":"Feature","geometry":{"type":"Point","coordinates":[-118.5625575,34.1722467]},"properties":{"id":"1417991099","name":"United Oil","brand":"","address":""}},{"type":"Feature","geometry":{"type":"Point","coordinates":[-118.6524032,34.1524772]},"properties":{"id":"1418808150","name":"Shell","brand":"Shell","address":""}},{"type":"Feature","geometry":{"type":"Point","coordinates":[-118.6054726,34.1664014]},"properties":{"id":"1419315075","name":"Chevron","brand":"Chevron","address":""}},{"type":"Feature","geometry":{"type":"Point","coordinates":[-118.387275,34.1863849]},"properties":{"id":"1426105832","name":"Gas Station","brand":"","address":""}},{"type":"Feature","geometry":{"type":"Point","coordinates":[-118.3961745,34.1978395]},"properties":{"id":"1426109690","name":"76","brand":"76","address":""}},{"type":"Feature","geometry":{"type":"Point","coordinates":[-118.3968599,34.1936566]},"properties":{"id":"1426109692","name":"Arco","brand":"Arco","address":""}},{"type":"Feature","geometry":{"type":"Point","coordinates":[-118.6510945,34.1528156]},"properties":{"id":"1427025836","name":"Sinclair","brand":"Sinclair","address":""}},{"type":"Feature","geometry":{"type":"Point","coordinates":[-118.3088285,33.8659102]},"properties":{"id":"1433180314","name":"Gas Station","brand":"","address":""}},{"type":"Feature","geometry":{"type":"Point","coordinates":[-118.4404693,34.1936329]},"properties":{"id":"1433428877","name":"7-Eleven","brand":"7-Eleven","address":""}},{"type":"Feature","geometry":{"type":"Point","coordinates":[-118.3268752,33.8731867]},"properties":{"id":"1434481553","name":"Gas Station","brand":"","address":""}},{"type":"Feature","geometry":{"type":"Point","coordinates":[-118.3434225,33.8658778]},"properties":{"id":"1435225293","name":"Gas Station","brand":"","address":""}},{"type":"Feature","geometry":{"type":"Point","coordinates":[-118.344306,33.8769379]},"properties":{"id":"1435225298","name":"Gas Station","brand":"","address":""}},{"type":"Feature","geometry":{"type":"Point","coordinates":[-118.3444168,33.8773556]},"properties":{"id":"1435225299","name":"Gas Station","brand":"","address":""}},{"type":"Feature","geometry":{"type":"Point","coordinates":[-118.4544508,34.0119796]},"properties":{"id":"1435233654","name":"Gas Station","brand":"","address":""}},{"type":"Feature","geometry":{"type":"Point","coordinates":[-118.3966485,33.9014528]},"properties":{"id":"1468130027","name":"Chevron","brand":"Chevron","address":""}},{"type":"Feature","geometry":{"type":"Point","coordinates":[-118.3390949,34.1037702]},"properties":{"id":"1492747621","name":"VP","brand":"","address":"Highland Avenue Los Angeles"}},{"type":"Feature","geometry":{"type":"Point","coordinates":[-118.2714936,34.0345012]},"properties":{"id":"1497708517","name":"Gas Station","brand":"","address":""}},{"type":"Feature","geometry":{"type":"Point","coordinates":[-118.3619479,33.8483084]},"properties":{"id":"1498670021","name":"Mobil","brand":"Mobil","address":""}},{"type":"Feature","geometry":{"type":"Point","coordinates":[-118.3268614,33.9167398]},"properties":{"id":"1501609658","name":"USA Gasoline","brand":"USA Gasoline","address":"Hawthorne"}}]}